MunicipalityId;Name;Status;District;County;Area;Population;Latitude;Longitude
01508;Ipolyszog;kozseg;Balassagyarmati;Nograd;607;556;48.0546;19.2318
01526;Somoskoujfalu;kozseg;Salgotarjani;Nograd;519;2034;48.1618;19.8242
02015;Rackeresztur;kozseg;Martonvasari;Fejer;3530;3427;47.2739;18.834
02024;Martonyi;kozseg;Edelenyi;Borsod-Abauj-Zemplen;1757;366;48.4689;20.7656
02033;Kakasd;kozseg;Bonyhadi;Tolna;2078;1621;46.3463;18.5927
02042;Narda;kozseg;Szombathelyi;Vas;1035;484;47.2375;16.4612
02051;Savoly;kozseg;Marcali;Somogy;2684;440;46.5914;17.2693
02060;Gonyu;kozseg;Gyori;Gyor-Moson-Sopron;2163;3080;47.7331;17.8279
02079;Dunaremete;kozseg;Mosonmagyarovari;Gyor-Moson-Sopron;436;252;47.8766;17.4371
02088;Mand;kozseg;Fehergyarmati;Szabolcs-Szatmar-Bereg;517;270;47.9984;22.6082
02097;Gutorfolde;kozseg;Zalaegerszegi;Zala;2485;902;46.6413;16.7365
02103;Maroc;kozseg;Letenyei;Zala;516;60;46.5484;16.6652
02121;Csanadalberti;kozseg;Makoi;Csongrad;1532;428;46.3259;20.7083
02130;Mihalyfa;kozseg;Zalaszentgroti;Zala;1207;318;46.9801;17.1907
02149;Fokto;kozseg;Kalocsai;Bacs-Kiskun;3146;1552;46.529;18.9193
02158;Muhi;kozseg;Tiszaujvarosi;Borsod-Abauj-Zemplen;962;459;47.9796;20.9289
02167;Komadi;varos;Berettyoujfalui;Hajdu-Bihar;14465;5078;47.0013;21.4899
02185;Csopak;kozseg;Balatonfuredi;Veszprem;2398;1795;46.9735;17.929
02194;Nemesvamos;kozseg;Veszpremi;Veszprem;4078;2845;47.0549;17.8718
02200;Isztimer;kozseg;Mori;Fejer;5388;922;47.2784;18.196
02219;Balatonfuzfo;varos;Balatonalmadi;Veszprem;925;4453;47.062;18.041
02228;Martonfa;kozseg;Pecsvaradi;Baranya;569;206;46.1163;18.3731
02237;Vag;kozseg;Csornai;Gyor-Moson-Sopron;1403;452;47.4462;17.2112
02246;Vat;kozseg;Szombathelyi;Vas;2327;691;47.283;16.7758
02264;Vasarosdombo;kozseg;Hegyhati;Baranya;1174;1048;46.3055;18.1323
02273;Abaujvar;kozseg;Gonci;Borsod-Abauj-Zemplen;735;217;48.526;21.3146
02282;Hejokurt;kozseg;Tiszaujvarosi;Borsod-Abauj-Zemplen;1491;270;47.8556;20.9929
02291;Tiszababolna;kozseg;Mezokovesdi;Borsod-Abauj-Zemplen;3269;328;47.6868;20.8118
02307;Kaba;varos;Puspokladanyi;Hajdu-Bihar;9504;5584;47.3576;21.2743
02316;Etyek;nagykozseg;Bicskei;Fejer;5327;4136;47.4449;18.7505
02325;Baktaloranthaza;varos;Baktaloranthazai;Szabolcs-Szatmar-Bereg;3524;3885;47.9994;22.0794
02343;Kincsesbanya;kozseg;Mori;Fejer;1087;1383;47.2645;18.2739
02352;Ujkigyos;varos;Bekescsabai;Bekes;5492;4897;46.5952;21.0249
02361;Nagybajcs;kozseg;Gyori;Gyor-Moson-Sopron;765;996;47.7645;17.6869
02370;Rad;kozseg;Vaci;Pest;1774;1952;47.7921;19.2194
02389;Bercel;kozseg;Balassagyarmati;Nograd;3590;1861;47.8698;19.4035
02404;Surd;kozseg;Nagykanizsai;Zala;2194;584;46.3198;16.9689
02413;Kisbabot;kozseg;Teti;Gyor-Moson-Sopron;610;235;47.5559;17.4173
02422;Hegyesd;kozseg;Tapolcai;Veszprem;1105;150;46.9159;17.5221
02431;Buk;varos;Koszegi;Vas;2086;3624;47.3834;16.7533
02440;Szatta;kozseg;Kormendi;Vas;601;65;46.7989;16.4804
02459;Vajta;kozseg;Sarbogardi;Fejer;2343;799;46.718;18.6649
02468;Hegymeg;kozseg;Edelenyi;Borsod-Abauj-Zemplen;570;109;48.331;20.8614
02477;Csombard;kozseg;Kaposvari;Somogy;899;231;46.4521;17.6721
02486;Zalacseb;kozseg;Zalaegerszegi;Zala;963;465;46.8582;16.6602
02495;Nagycenk;nagykozseg;Soproni;Gyor-Moson-Sopron;1945;2251;47.6034;16.6977
02501;Kisunyom;kozseg;Szombathelyi;Vas;1000;428;47.1471;16.6415
02510;Kocs;kozseg;Tatai;Komarom-Esztergom;5829;2517;47.6055;18.2132
02529;Varfolde;kozseg;Letenyei;Zala;1487;185;46.5554;16.7614
02547;Sumony;kozseg;Szentlorinci;Baranya;2021;419;45.9686;17.9163
02556;Morichida;kozseg;Teti;Gyor-Moson-Sopron;3230;821;47.5151;17.4203
02565;Dobrokoz;kozseg;Dombovari;Tolna;4313;1922;46.4241;18.2393
02574;Kenez;kozseg;Sarvari;Vas;717;276;47.2025;16.7884
02583;Csesztreg;kozseg;Lenti;Zala;2300;802;46.7168;16.5152
02608;Zalaszentivan;kozseg;Zalaegerszegi;Zala;1310;1055;46.8918;16.8972
02617;Sopronnemeti;kozseg;Csornai;Gyor-Moson-Sopron;710;300;47.5364;17.2073
02626;Martfu;varos;Szolnoki;Jasz-Nagykun-Szolnok;2308;6030;47.0186;20.2814
02635;Otteveny;kozseg;Gyori;Gyor-Moson-Sopron;2366;3061;47.725;17.4885
02644;Alibanfa;kozseg;Zalaegerszegi;Zala;584;401;46.8846;16.921
02653;Nagyharsany;kozseg;Siklosi;Baranya;2601;1399;45.8474;18.3998
02662;Milejszeg;kozseg;Zalaegerszegi;Zala;908;349;46.7888;16.742
02671;Kantorjanosi;kozseg;Mateszalkai;Szabolcs-Szatmar-Bereg;4162;2030;47.9359;22.1489
02680;Bekesszentandras;nagykozseg;Szarvasi;Bekes;7745;3436;46.8717;20.4851
02699;Sarkeszi;kozseg;Szekesfehervari;Fejer;1479;612;47.1582;18.2859
02705;Palmonostora;kozseg;Kiskunfelegyhazi;Bacs-Kiskun;5328;1788;46.6264;19.9444
02714;Totvazsony;kozseg;Veszpremi;Veszprem;4251;1309;47.0083;17.7874
02723;Saregres;kozseg;Sarbogardi;Fejer;2616;716;46.7815;18.5973
02741;Faj;kozseg;Encsi;Borsod-Abauj-Zemplen;1932;462;48.4212;21.0764
02750;Vertesacsa;kozseg;Bicskei;Fejer;3619;1753;47.3744;18.5797
02769;Tapioszolos;kozseg;Cegledi;Pest;3181;2781;47.2958;19.8338
02778;Ludanyhalaszi;kozseg;Szecsenyi;Nograd;2113;1379;48.1347;19.5243
02787;Nemesgulacs;kozseg;Tapolcai;Veszprem;835;930;46.8348;17.4834
02796;Nak;kozseg;Dombovari;Tolna;2778;512;46.4773;18.0515
02802;Enying;varos;Enyingi;Fejer;8278;6615;46.9269;18.245
02811;Miszla;kozseg;Tamasi;Tolna;3471;248;46.6315;18.4834
02820;Abaujlak;kozseg;Szikszoi;Borsod-Abauj-Zemplen;706;69;48.4051;20.9551
02839;Nemeskocs;kozseg;Celldomolki;Vas;793;314;47.1995;17.1865
02848;Felsozsolca;varos;Miskolci;Borsod-Abauj-Zemplen;1625;6373;48.1041;20.8605
02857;Geresdlak;kozseg;Pecsvaradi;Baranya;2528;730;46.1083;18.527
02866;Oszlar;kozseg;Tiszaujvarosi;Borsod-Abauj-Zemplen;571;337;47.872;21.0353
02875;Sata;kozseg;Ozdi;Borsod-Abauj-Zemplen;1650;1082;48.1851;20.3932
02884;Vasalja;kozseg;Kormendi;Vas;1124;332;47.0121;16.5134
02893;Sored;kozseg;Mori;Fejer;625;586;47.3227;18.2807
02909;Magyarszentmiklos;kozseg;Nagykanizsai;Zala;419;233;46.5376;16.936
02918;Balmazujvaros;varos;Balmazujvarosi;Hajdu-Bihar;20544;17026;47.6116;21.3437
02927;Duka;kozseg;Celldomolki;Vas;1524;211;47.1252;17.1123
02936;Dudar;kozseg;Zirci;Veszprem;2458;1655;47.3106;17.9439
02945;Biri;kozseg;Nagykalloi;Szabolcs-Szatmar-Bereg;2259;1399;47.8123;21.8509
02954;Felsoszentivan;kozseg;Bajai;Bacs-Kiskun;5354;1728;46.1948;19.1882
02963;Bukkszek;kozseg;Petervasarai;Heves;1530;682;47.9889;20.1752
02972;Zalasarszeg;kozseg;Nagykanizsai;Zala;304;114;46.4927;17.0794
02981;Egerfarmos;kozseg;Fuzesabonyi;Heves;2380;708;47.7183;20.5364
02990;Batorliget;kozseg;Nyirbatori;Szabolcs-Szatmar-Bereg;3330;698;47.7572;22.2712
03009;Szombathely;megyeszekhely;Szombathelyi;Vas;9750;78407;47.2291;16.6188
03018;Szebeny;kozseg;Mohacsi;Baranya;1437;272;46.1311;18.587
03036;Doroske;kozseg;Kormendi;Vas;440;85;47.0117;16.6961
03045;Hajduboszormeny;varos;Hajduboszormenyi;Hajdu-Bihar;37074;30267;47.6717;21.5079
03054;Lickovadamos;kozseg;Zalaegerszegi;Zala;669;163;46.7446;16.7705
03063;Zadorfalva;kozseg;Putnoki;Borsod-Abauj-Zemplen;1375;465;48.3868;20.4848
03072;Balatoncsicso;kozseg;Balatonfuredi;Veszprem;1320;214;46.9266;17.6689
03081;Sajohidveg;kozseg;Miskolci;Borsod-Abauj-Zemplen;1344;1080;48.0031;20.9503
03090;Borgata;kozseg;Celldomolki;Vas;621;172;47.1618;17.0799
03106;Ketsoprony;kozseg;Bekescsabai;Bekes;5124;1268;46.7192;20.884
03115;Dunaujvaros;megyei_jogu_varos;Dunaujvarosi;Fejer;5267;44200;46.967;18.9394
03124;Szentkozmadombja;kozseg;Zalaegerszegi;Zala;508;58;46.6799;16.7615
03133;Taktaszada;kozseg;Szerencsi;Borsod-Abauj-Zemplen;2574;1925;48.1108;21.176
03142;Vonock;kozseg;Celldomolki;Vas;1760;699;47.3133;17.1606
03151;Kistapolca;kozseg;Siklosi;Baranya;357;163;45.8221;18.3841
03160;Szuhafo;kozseg;Putnoki;Borsod-Abauj-Zemplen;1605;135;48.4085;20.4518
03188;Iborfia;kozseg;Zalaegerszegi;Zala;259;12;46.7383;16.7496
03197;Rabahidveg;kozseg;Vasvari;Vas;2241;1019;47.0724;16.7414
03203;Nyim;kozseg;Siofoki;Somogy;976;310;46.8025;18.1083
03212;Sajoivanka;kozseg;Kazincbarcikai;Borsod-Abauj-Zemplen;1023;587;48.2661;20.5794
03221;Magyarlak;kozseg;Szentgotthardi;Vas;762;804;46.9519;16.3487
03230;Fajsz;kozseg;Kalocsai;Bacs-Kiskun;3199;1600;46.4161;18.922
03249;Orhalom;kozseg;Balassagyarmati;Nograd;1746;892;48.0778;19.4103
03258;Foldes;nagykozseg;Puspokladanyi;Hajdu-Bihar;6524;3767;47.2882;21.3642
03267;Badacsonytordemic;kozseg;Tapolcai;Veszprem;1025;830;46.812;17.4737
03276;Fuzesabony;varos;Fuzesabonyi;Heves;4634;7360;47.7485;20.4143
03285;Hirics;kozseg;Sellyei;Baranya;1468;238;45.8261;17.9936
03294;Molnaszecsod;kozseg;Kormendi;Vas;1169;413;47.0458;16.6766
03300;Iklad;kozseg;Aszodi;Pest;1121;1994;47.6594;19.4434
03319;Artand;kozseg;Berettyoujfalui;Hajdu-Bihar;1981;558;47.1237;21.7599
03328;Ipolytarnoc;kozseg;Salgotarjani;Nograd;1366;421;48.2376;19.627
03337;Ivanbattyan;kozseg;Siklosi;Baranya;613;124;45.9076;18.418
03346;Ivandarda;kozseg;Mohacsi;Baranya;767;222;45.8329;18.5904
03355;Nova;kozseg;Lenti;Zala;3929;805;46.6852;16.6779
03364;Szilsarkany;kozseg;Csornai;Gyor-Moson-Sopron;1670;709;47.538;17.2553
03373;Tiszapuspoki;kozseg;Torokszentmiklosi;Jasz-Nagykun-Szolnok;3745;1982;47.2145;20.3173
03382;Szarvasko;kozseg;Egri;Heves;1259;326;47.9885;20.3302
03391;Piricse;kozseg;Nyirbatori;Szabolcs-Szatmar-Bereg;3699;1824;47.7717;22.1518
03407;Budajeno;kozseg;Budakeszi;Pest;1242;2001;47.5557;18.8038
03416;Somogyszil;kozseg;Kaposvari;Somogy;3846;713;46.5218;17.9967
03425;Bogyiszlo;kozseg;Tolnai;Tolna;5593;2068;46.3832;18.8167
03434;Lasztonya;kozseg;Letenyei;Zala;877;60;46.5561;16.7163
03443;Mezozombor;kozseg;Szerencsi;Borsod-Abauj-Zemplen;3879;2369;48.1503;21.2596
03452;Boldog;kozseg;Hatvani;Heves;2674;2893;47.6012;19.6954
03461;Ketegyhaza;nagykozseg;Gyulai;Bekes;5049;3303;46.5455;21.1856
03470;Mezod;kozseg;Hegyhati;Baranya;1041;113;46.2885;18.1021
03489;Edde;kozseg;Kaposvari;Somogy;851;181;46.5249;17.7165
03498;Vereb;kozseg;Gardonyi;Fejer;2232;771;47.32;18.6177
03504;Sajobabony;varos;Miskolci;Borsod-Abauj-Zemplen;1343;2577;48.175;20.7387
03513;Visznek;kozseg;Gyongyosi;Heves;2273;1062;47.6422;20.033
03522;Baja;varos;Bajai;Bacs-Kiskun;17789;34495;46.1785;18.9511
03531;Leh;kozseg;Szikszoi;Borsod-Abauj-Zemplen;845;399;48.2923;20.9805
03540;Kokeny;kozseg;Pecsi;Baranya;490;577;46.001;18.2043
03559;Balatonvilagos;kozseg;Siofoki;Somogy;2921;1216;46.9642;18.1593
03568;Szentantalfa;kozseg;Balatonfuredi;Veszprem;661;483;46.9122;17.674
03577;Gederlak;kozseg;Kalocsai;Bacs-Kiskun;1894;974;46.6085;18.914
03586;Szabolcsveresmart;kozseg;Kisvardai;Szabolcs-Szatmar-Bereg;2295;1571;48.2924;22.0198
03595;Abaujszanto;varos;Gonci;Borsod-Abauj-Zemplen;4739;2906;48.2787;21.1855
03601;Soly;kozseg;Veszpremi;Veszprem;1028;517;47.1299;18.0321
03610;Malomsok;kozseg;Papai;Veszprem;2574;478;47.4522;17.3946
03629;Geberjen;kozseg;Mateszalkai;Szabolcs-Szatmar-Bereg;538;450;47.932;22.456
03638;Balatonhenye;kozseg;Tapolcai;Veszprem;1173;121;46.912;17.6155
03647;Doge;kozseg;Kisvardai;Szabolcs-Szatmar-Bereg;1654;2175;48.2588;22.0685
03656;Batmonostor;kozseg;Bajai;Bacs-Kiskun;3795;1475;46.1048;18.9279
03665;Cered;kozseg;Salgotarjani;Nograd;3858;1053;48.1445;19.9671
03674;Nemeskeresztur;kozseg;Celldomolki;Vas;1217;274;47.0936;17.1934
03683;Magyarhomorog;kozseg;Berettyoujfalui;Hajdu-Bihar;3957;827;47.0215;21.5429
03692;Mende;kozseg;Nagykatai;Pest;2715;4193;47.4303;19.4553
03708;Taktabaj;kozseg;Tokaji;Borsod-Abauj-Zemplen;1682;576;48.0621;21.3122
03717;Tiszadorogma;kozseg;Mezocsati;Borsod-Abauj-Zemplen;4661;321;47.682;20.8628
03726;Zebecke;kozseg;Lenti;Zala;445;52;46.6427;16.6863
03735;Bardudvarnok;kozseg;Kaposvari;Somogy;4856;1109;46.3268;17.6851
03744;Gagyvendegi;kozseg;Szikszoi;Borsod-Abauj-Zemplen;1232;191;48.43;20.975
03753;Rabcakapi;kozseg;Csornai;Gyor-Moson-Sopron;787;148;47.7086;17.2757
03762;Kiskinizs;kozseg;Szikszoi;Borsod-Abauj-Zemplen;717;311;48.2512;21.0356
03771;Arnot;kozseg;Miskolci;Borsod-Abauj-Zemplen;1754;2298;48.1308;20.8611
03780;Ocsard;kozseg;Pecsi;Baranya;1266;373;45.9347;18.1515
03799;Csakany;kozseg;Marcali;Somogy;1609;243;46.5406;17.2715
03805;Szakald;kozseg;Tiszaujvarosi;Borsod-Abauj-Zemplen;1140;436;47.9421;20.9077
03814;Heviz;varos;Keszthelyi;Zala;830;4523;46.7906;17.1834
03823;Arokto;kozseg;Mezocsati;Borsod-Abauj-Zemplen;4641;1109;47.7282;20.9434
03832;Keszu;kozseg;Pecsi;Baranya;731;1230;46.017;18.1918
03841;Bokor;kozseg;Pasztoi;Nograd;675;97;47.9336;19.5404
03850;Tiszabercel;kozseg;Ibranyi;Szabolcs-Szatmar-Bereg;3138;1776;48.1565;21.6494
03869;Kistormas;kozseg;Szekszardi;Tolna;1135;292;46.5;18.5658
03878;Nyirpilis;kozseg;Nyirbatori;Szabolcs-Szatmar-Bereg;1634;872;47.7839;22.1849
03887;Szerecseny;kozseg;Teti;Gyor-Moson-Sopron;1238;762;47.4619;17.5547
03896;Cserkut;kozseg;Pecsi;Baranya;667;607;46.0763;18.1352
03902;Mad;kozseg;Szerencsi;Borsod-Abauj-Zemplen;3186;2112;48.1919;21.2742
03911;Csakanydoroszlo;kozseg;Kormendi;Vas;2661;1763;46.9752;16.5046
03939;Cigand;varos;Cigandi;Borsod-Abauj-Zemplen;5676;3008;48.2572;21.8905
03948;Raposka;kozseg;Tapolcai;Veszprem;490;220;46.8484;17.4231
03957;Viszlo;kozseg;Edelenyi;Borsod-Abauj-Zemplen;1110;64;48.4933;20.8877
03966;Ruzsa;kozseg;Morahalmi;Csongrad;8468;2348;46.2892;19.7497
03975;Baksa;kozseg;Sellyei;Baranya;1382;767;45.9595;18.095
03984;Nagybudmer;kozseg;Bolyi;Baranya;1022;148;45.9365;18.4449
03993;Hehalom;kozseg;Pasztoi;Nograd;1867;989;47.7795;19.5858
04002;Zalacsany;kozseg;Keszthelyi;Zala;1607;910;46.8065;17.0979
04020;Himod;kozseg;Kapuvari;Gyor-Moson-Sopron;2270;606;47.5197;17.0077
04039;Csorna;varos;Csornai;Gyor-Moson-Sopron;9195;10105;47.6134;17.2498
04048;Tofu;kozseg;Komloi;Baranya;434;108;46.3096;18.359
04057;Pecel;varos;Godolloi;Pest;4363;16310;47.4911;19.3447
04066;Kungos;kozseg;Balatonalmadi;Veszprem;948;491;47.066;18.1734
04075;Ocsa;varos;Gyali;Pest;8166;9416;47.3012;19.2314
04084;Hevesvezekeny;kozseg;Hevesi;Heves;1978;642;47.5572;20.3578
04093;Helvecia;nagykozseg;Kecskemeti;Bacs-Kiskun;5647;4657;46.8374;19.6213
04109;Dusnok;kozseg;Kalocsai;Bacs-Kiskun;5747;2774;46.39;18.959
04118;Hortobagy;kozseg;Balmazujvarosi;Hajdu-Bihar;28460;1323;47.5826;21.1525
04127;Som;kozseg;Siofoki;Somogy;2335;642;46.8076;18.1397
04136;Tottos;kozseg;Bolyi;Baranya;2299;532;45.9146;18.5414
04145;Hort;nagykozseg;Hatvani;Heves;4309;3564;47.6896;19.7826
04154;Tarnok;nagykozseg;Erdi;Pest;2361;9900;47.3669;18.866
04163;Bodehaza;kozseg;Lenti;Zala;667;34;46.6412;16.4026
04172;Tarnokreti;kozseg;Csornai;Gyor-Moson-Sopron;954;165;47.7218;17.3073
04181;Perocseny;kozseg;Szobi;Pest;4140;295;47.9955;18.8609
04190;Kocsk;kozseg;Celldomolki;Vas;1258;230;47.1908;17.1032
04206;Mezogyan;kozseg;Sarkadi;Bekes;5987;934;46.8697;21.523
04215;Nyomar;kozseg;Edelenyi;Borsod-Abauj-Zemplen;1046;260;48.276;20.8196
04224;Csorotnek;kozseg;Szentgotthardi;Vas;2053;883;46.9517;16.3655
04233;Aszalo;kozseg;Szikszoi;Borsod-Abauj-Zemplen;2536;1831;48.2256;20.9548
04242;Nagykamaras;kozseg;Mezokovacshazai;Bekes;4310;1255;46.4707;21.1193
04251;Ecseg;kozseg;Pasztoi;Nograd;2410;1165;47.8983;19.6026
04260;Mezotur;varos;Mezoturi;Jasz-Nagykun-Szolnok;28972;16011;47.0005;20.63
04279;Kamut;kozseg;Bekesi;Bekes;6048;1025;46.7603;20.9833
04288;Kispirit;kozseg;Devecseri;Veszprem;496;47;47.1972;17.2401
04297;Kacsota;kozseg;Szentlorinci;Baranya;951;252;46.0385;17.9564
04303;Puspokszilagy;kozseg;Vaci;Pest;2530;728;47.7403;19.3155
04312;Tarpa;nagykozseg;Vasarosnamenyi;Szabolcs-Szatmar-Bereg;4973;2590;48.1031;22.5291
04321;Bodorfa;kozseg;Sumegi;Veszprem;222;80;47.076;17.343
04330;Matraszolos;kozseg;Pasztoi;Nograd;2917;1490;47.945;19.7012
04349;Morahalom;varos;Morahalmi;Csongrad;8314;6203;46.2163;19.8895
04358;Nograd;kozseg;Retsagi;Nograd;2954;1524;47.9094;19.0479
04367;Bogyoszlo;kozseg;Csornai;Gyor-Moson-Sopron;2623;616;47.5592;17.1863
04376;Lazi;kozseg;Pannonhalmi;Gyor-Moson-Sopron;1679;546;47.4652;17.8375
04385;Magyartelek;kozseg;Sellyei;Baranya;684;206;45.9455;17.9826
04394;Makad;kozseg;Rackevei;Pest;3177;1225;47.0884;18.9263
04400;Bekolce;kozseg;Belapatfalvai;Heves;1377;570;48.0805;20.2749
04419;Nyesta;kozseg;Szikszoi;Borsod-Abauj-Zemplen;689;28;48.3699;20.9519
04428;Acs;varos;Komaromi;Komarom-Esztergom;10383;6848;47.7104;18.0156
04437;Udvar;kozseg;Mohacsi;Baranya;440;103;45.902;18.6599
04446;Tiszakerecseny;kozseg;Vasarosnamenyi;Szabolcs-Szatmar-Bereg;2387;955;48.2587;22.3001
04455;Nagylengyel;kozseg;Zalaegerszegi;Zala;1024;452;46.7786;16.7634
04464;Szakaly;kozseg;Tamasi;Tolna;4102;1305;46.5244;18.3839
04473;Kanyavar;kozseg;Lenti;Zala;420;113;46.5728;16.6806
04482;Oroszlo;kozseg;Komloi;Baranya;612;274;46.2213;18.1215
04491;Senyo;kozseg;Nyiregyhazi;Szabolcs-Szatmar-Bereg;1830;1362;48.0028;21.8785
04507;Szendehely;kozseg;Retsagi;Nograd;1004;1622;47.8554;19.105
04516;Rozsafa;kozseg;Szigetvari;Baranya;1664;326;46.0222;17.8897
04525;Kecsked;kozseg;Oroszlanyi;Komarom-Esztergom;1108;2004;47.524;18.3076
04534;Mindszentkalla;kozseg;Tapolcai;Veszprem;1084;243;46.8743;17.5528
04543;Feked;kozseg;Mohacsi;Baranya;1933;194;46.161;18.5599
04552;Liter;kozseg;Balatonalmadi;Veszprem;1283;2141;47.0999;18.0076
04561;Abrahamhegy;kozseg;Tapolcai;Veszprem;1488;425;46.8148;17.5715
04570;Marianosztra;kozseg;Szobi;Pest;2027;815;47.8648;18.872
04589;Veszkeny;kozseg;Kapuvari;Gyor-Moson-Sopron;1035;980;47.5999;17.0857
04598;Kereki;kozseg;Siofoki;Somogy;1443;537;46.796;17.9119
04604;Hejokeresztur;kozseg;Tiszaujvarosi;Borsod-Abauj-Zemplen;1028;1037;47.9617;20.8839
04613;Gelenes;kozseg;Vasarosnamenyi;Szabolcs-Szatmar-Bereg;2055;615;48.1991;22.4463
04622;Zsira;kozseg;Soproni;Gyor-Moson-Sopron;1468;842;47.456;16.6808
04631;Tuskevar;kozseg;Devecseri;Veszprem;1701;555;47.1184;17.3129
04640;Kam;kozseg;Vasvari;Vas;1530;427;47.1039;16.8812
04659;Martonvasar;varos;Martonvasari;Fejer;3125;5688;47.3141;18.7886
04668;Mihalyhaza;kozseg;Papai;Veszprem;2152;761;47.3097;17.3381
04677;Emod;varos;Miskolci;Borsod-Abauj-Zemplen;4937;4641;47.9339;20.8165
04686;Dedestapolcsany;kozseg;Kazincbarcikai;Borsod-Abauj-Zemplen;2943;1468;48.1808;20.4842
04695;Vasvar;varos;Vasvari;Vas;5510;4130;47.0491;16.7999
04701;Iregszemcse;kozseg;Tamasi;Tolna;5834;2544;46.693;18.1836
04710;Nagyar;kozseg;Fehergyarmati;Szabolcs-Szatmar-Bereg;1599;657;48.0572;22.5528
04729;Saly;kozseg;Mezokovesdi;Borsod-Abauj-Zemplen;2557;1594;47.9493;20.663
04738;Bak;kozseg;Zalaegerszegi;Zala;2305;1572;46.7306;16.8456
04747;Sarpilis;kozseg;Szekszardi;Tolna;2170;683;46.2478;18.7411
04756;Misefa;kozseg;Zalaegerszegi;Zala;651;267;46.8051;16.9842
04765;Borszorcsok;kozseg;Devecseri;Veszprem;1180;329;47.1343;17.4038
04774;Szakoly;kozseg;Nagykalloi;Szabolcs-Szatmar-Bereg;4144;2573;47.7616;21.9013
04783;Mosonmagyarovar;varos;Mosonmagyarovari;Gyor-Moson-Sopron;8378;33954;47.8732;17.2722
04792;Rabacsanak;kozseg;Csornai;Gyor-Moson-Sopron;1386;499;47.5255;17.2895
04808;Domony;kozseg;Aszodi;Pest;2180;2131;47.6535;19.4384
04817;Zsaka;nagykozseg;Berettyoujfalui;Hajdu-Bihar;7879;1528;47.1343;21.436
04826;Kisgyalan;kozseg;Kaposvari;Somogy;941;203;46.4238;17.9775
04835;Somogyzsitfa;kozseg;Marcali;Somogy;2722;539;46.5531;17.2965
04844;Tereny;kozseg;Balassagyarmati;Nograd;2435;339;47.9455;19.4415
04853;Somogyudvarhely;kozseg;Csurgoi;Somogy;4042;910;46.1773;17.191
04862;Paks;varos;Paksi;Tolna;15408;18623;46.6229;18.8589
04871;Litke;kozseg;Salgotarjani;Nograd;1816;817;48.212;19.5988
04880;Agfalva;kozseg;Soproni;Gyor-Moson-Sopron;1308;2389;47.6905;16.5138
04899;Bikal;kozseg;Komloi;Baranya;1703;697;46.3316;18.2848
04905;Pocsmegyer;kozseg;Szentendrei;Pest;1308;2399;47.7158;19.0956
04914;Trizs;kozseg;Putnoki;Borsod-Abauj-Zemplen;1025;188;48.4264;20.4942
04923;Karcag;varos;Karcagi;Jasz-Nagykun-Szolnok;36863;19481;47.3146;20.9241
04932;Taszar;kozseg;Kaposvari;Somogy;1729;1937;46.3736;17.9052
04950;Ortahaza;kozseg;Lenti;Zala;703;98;46.6229;16.682
04969;Tormafolde;kozseg;Lenti;Zala;1886;316;46.5391;16.592
04978;Ipolytolgyes;kozseg;Szobi;Pest;1367;398;47.9229;18.7744
04987;Megyer;kozseg;Sumegi;Veszprem;426;19;47.0611;17.1923
04996;Garbolc;kozseg;Fehergyarmati;Szabolcs-Szatmar-Bereg;724;118;47.9446;22.8618
05005;Irota;kozseg;Edelenyi;Borsod-Abauj-Zemplen;1234;71;48.3982;20.8759
05014;Venek;kozseg;Gyori;Gyor-Moson-Sopron;689;150;47.7395;17.7595
05023;Bozsok;kozseg;Koszegi;Vas;2091;360;47.3223;16.4887
05032;Gyula;varos;Gyulai;Bekes;25579;29308;46.6439;21.2748
05041;Nyirderzs;kozseg;Nyirbatori;Szabolcs-Szatmar-Bereg;1701;642;47.8967;22.1614
05050;Csitar;kozseg;Balassagyarmati;Nograd;1685;382;48.0543;19.4293
05069;Gyorgytarlo;kozseg;Sarospataki;Borsod-Abauj-Zemplen;3019;512;48.2057;21.6317
05078;Rinyabesenyo;kozseg;Nagyatadi;Somogy;2863;216;46.1664;17.52
05087;Lovaszpatona;kozseg;Papai;Veszprem;4990;1068;47.4392;17.6335
05096;Viss;kozseg;Sarospataki;Borsod-Abauj-Zemplen;1391;675;48.2159;21.503
05102;Balogunyom;kozseg;Szombathelyi;Vas;1212;1091;47.1557;16.6519
05111;Csongrad;varos;Csongradi;Csongrad;17389;16010;46.7097;20.1532
05120;Satoraljaujhely;varos;Satoraljaujhelyi;Borsod-Abauj-Zemplen;7345;13972;48.3961;21.6561
05139;Birjan;kozseg;Pecsi;Baranya;907;520;45.9975;18.3757
05148;Balatonkenese;varos;Balatonalmadi;Veszprem;4418;2632;47.035;18.108
05157;Somlojeno;kozseg;Devecseri;Veszprem;815;255;47.1228;17.3544
05166;Tomord;kozseg;Koszegi;Vas;1536;286;47.3612;16.6779
05175;Hajduszoboszlo;varos;Hajduszoboszloi;Hajdu-Bihar;23862;24009;47.4431;21.3903
05184;Csemo;kozseg;Cegledi;Pest;7944;4244;47.1184;19.6977
05193;Szorosad;kozseg;Tabi;Somogy;648;85;46.6015;18.0233
05209;Villanykovesd;kozseg;Siklosi;Baranya;749;254;45.8806;18.4253
05218;Nagygorbo;kozseg;Zalaszentgroti;Zala;745;139;46.9311;17.1793
05227;Kisnemedi;kozseg;Vaci;Pest;1384;657;47.7377;19.2901
05236;Gyongyos;varos;Gyongyosi;Heves;5531;29176;47.78;19.9291
05245;Nemesbikk;kozseg;Tiszaujvarosi;Borsod-Abauj-Zemplen;2410;914;47.8875;20.9656
05254;Kuncsorba;kozseg;Torokszentmiklosi;Jasz-Nagykun-Szolnok;3363;580;47.1283;20.5553
05263;Karad;kozseg;Fonyodi;Somogy;5238;1440;46.6935;17.8386
05272;Kanya;kozseg;Tabi;Somogy;1452;390;46.6999;18.0679
05281;Orkeny;varos;Dabasi;Pest;3644;4850;47.1298;19.4309
05290;Pilisszanto;kozseg;Pilisvorosvari;Pest;1596;2979;47.6693;18.8863
05306;Bocs;kozseg;Miskolci;Borsod-Abauj-Zemplen;2432;2594;48.0385;20.9716
05315;Borsodnadasd;varos;Ozdi;Borsod-Abauj-Zemplen;2807;3073;48.1226;20.2453
05324;Herencseny;kozseg;Balassagyarmati;Nograd;3318;553;47.9746;19.4726
05333;Csobad;kozseg;Encsi;Borsod-Abauj-Zemplen;1183;704;48.2819;21.0277
05342;Tofej;kozseg;Zalaegerszegi;Zala;1532;658;46.6676;16.8
05351;Kara;kozseg;Tabi;Somogy;537;28;46.6173;18.0107
05360;Csakbereny;kozseg;Mori;Fejer;4137;1142;47.3489;18.3286
05379;Csanadpalota;varos;Makoi;Csongrad;7792;2638;46.244;20.7234
05388;Sumegpraga;kozseg;Sumegi;Veszprem;579;569;46.9411;17.2774
05397;Pusztafoldvar;kozseg;Oroshazi;Bekes;5713;1472;46.5316;20.806
05403;Babarc;kozseg;Bolyi;Baranya;1885;723;46.004;18.5538
05412;Magyarmecske;kozseg;Sellyei;Baranya;1195;301;45.9449;17.9642
05421;Kiralyszentistvan;kozseg;Balatonalmadi;Veszprem;891;473;47.1093;18.0437
05430;Magyarhertelend;kozseg;Komloi;Baranya;1616;573;46.1892;18.1515
05449;Komarom;varos;Komaromi;Komarom-Esztergom;6991;19126;47.7417;18.1218
05458;Kenezlo;kozseg;Sarospataki;Borsod-Abauj-Zemplen;2296;1065;48.198;21.5325
05476;Bo;kozseg;Sarvari;Vas;1065;777;47.3691;16.8155
05485;Baranyaszentgyorgy;kozseg;Hegyhati;Baranya;727;134;46.2441;18.0154
05494;Gadna;kozseg;Szikszoi;Borsod-Abauj-Zemplen;809;287;48.4007;20.9296
05500;Somogyaracs;kozseg;Barcsi;Somogy;770;165;46.0567;17.3917
05519;Siklos;varos;Siklosi;Baranya;5092;8912;45.8521;18.2984
05528;Szoreny;kozseg;Szigetvari;Baranya;441;58;45.9682;17.6827
05537;Kallosd;kozseg;Zalaszentgroti;Zala;541;92;46.8716;17.0623
05546;Zakanyszek;kozseg;Morahalmi;Csongrad;6607;2731;46.2741;19.8885
05555;Nemeshany;kozseg;Sumegi;Veszprem;1050;361;47.0695;17.3641
05564;Lovas;kozseg;Balatonfuredi;Veszprem;595;442;46.9934;17.9588
05573;Derecske;varos;Derecskei;Hajdu-Bihar;10359;8385;47.3539;21.5709
05582;Nagycsecs;kozseg;Tiszaujvarosi;Borsod-Abauj-Zemplen;983;748;47.9589;20.9517
05591;Izsofalva;nagykozseg;Kazincbarcikai;Borsod-Abauj-Zemplen;941;1713;48.3097;20.6531
05607;Szederkeny;kozseg;Bolyi;Baranya;1433;1677;45.9995;18.4536
05616;Hetefejercse;kozseg;Vasarosnamenyi;Szabolcs-Szatmar-Bereg;1545;255;48.1279;22.4677
05625;Revfulop;nagykozseg;Tapolcai;Veszprem;1036;1084;46.8283;17.6304
05634;Kaptalantoti;kozseg;Tapolcai;Veszprem;1173;477;46.8498;17.5137
05643;Szilvasvarad;kozseg;Belapatfalvai;Heves;3782;1575;48.1033;20.3871
05652;Nemesgorzsony;kozseg;Papai;Veszprem;1925;639;47.3967;17.3607
05661;Ozora;kozseg;Tamasi;Tolna;5955;1574;46.7527;18.3997
05670;Gegeny;kozseg;Kemecsei;Szabolcs-Szatmar-Bereg;2344;1908;48.1445;21.949
05689;Mezokomarom;kozseg;Enyingi;Fejer;2905;895;46.829;18.2898
05698;Vackisujfalu;kozseg;Vaci;Pest;1070;441;47.7044;19.349
05704;Pethohenye;kozseg;Zalaegerszegi;Zala;887;400;46.8769;16.9188
05713;Harasztifalu;kozseg;Kormendi;Vas;789;151;47.0496;16.551
05722;Kisbeszterce;kozseg;Hegyhati;Baranya;747;73;46.2058;18.0344
05731;Gerjen;kozseg;Paksi;Tolna;3628;1201;46.4936;18.9032
05740;Koszegdoroszlo;kozseg;Koszegi;Vas;965;233;47.3454;16.5423
05759;Vecs;kozseg;Gyongyosi;Heves;2566;622;47.8079;20.1673
05768;Letavertes;varos;Derecskei;Hajdu-Bihar;11661;7061;47.3853;21.8764
05777;Szaszberek;kozseg;Szolnoki;Jasz-Nagykun-Szolnok;3922;993;47.3107;20.0933
05786;Ladanybene;kozseg;Kecskemeti;Bacs-Kiskun;4074;1603;47.035;19.4557
05795;Cserkeszolo;kozseg;Kunszentmartoni;Jasz-Nagykun-Szolnok;3070;2237;46.8675;20.1951
05801;Gavavencsello;nagykozseg;Ibranyi;Szabolcs-Szatmar-Bereg;6683;3434;48.161;21.5934
05810;Szokedencs;kozseg;Marcali;Somogy;1869;213;46.5547;17.2493
05829;Val;kozseg;Martonvasari;Fejer;4048;2466;47.3665;18.6776
05838;Balatonalmadi;varos;Balatonalmadi;Veszprem;4988;9060;47.0303;18.0156
05847;Harsany;kozseg;Miskolci;Borsod-Abauj-Zemplen;3653;1996;47.9684;20.7405
05856;Kunadacs;kozseg;Kunszentmiklosi;Bacs-Kiskun;8990;1451;46.9562;19.2946
05865;Egerlovo;kozseg;Mezokovesdi;Borsod-Abauj-Zemplen;1978;489;47.7195;20.6223
05874;Szajol;kozseg;Szolnoki;Jasz-Nagykun-Szolnok;3697;3736;47.1757;20.3006
05883;Palotas;kozseg;Pasztoi;Nograd;1707;1575;47.7954;19.5955
05892;Vokany;kozseg;Siklosi;Baranya;1709;817;45.9115;18.3362
05917;Vacduka;kozseg;Vaci;Pest;840;1646;47.7446;19.2146
05926;Bodvaszilas;kozseg;Edelenyi;Borsod-Abauj-Zemplen;1922;1024;48.5368;20.7316
05935;Karacsond;kozseg;Gyongyosi;Heves;3160;2830;47.7281;20.0273
05944;Bakonyszentlaszlo;kozseg;Pannonhalmi;Gyor-Moson-Sopron;3851;1682;47.3907;17.8043
05953;Kissomlyo;kozseg;Celldomolki;Vas;858;210;47.1441;17.1025
05962;Magyarcsanad;kozseg;Makoi;Csongrad;4802;1376;46.1697;20.6099
05971;Csokonyavisonta;kozseg;Barcsi;Somogy;8129;1645;46.0817;17.4445
05980;Egyhazasgerge;kozseg;Salgotarjani;Nograd;1537;704;48.1788;19.6469
05999;Karasz;kozseg;Komloi;Baranya;802;323;46.2674;18.318
06008;Zamardi;varos;Siofoki;Somogy;4515;2501;46.8801;17.9459
06017;Magyarkeszi;kozseg;Tamasi;Tolna;3816;1097;46.7487;18.2254
06035;Felsopakony;nagykozseg;Gyali;Pest;1533;3661;47.3433;19.2362
06044;Kunbaja;kozseg;Bacsalmasi;Bacs-Kiskun;3372;1454;46.0883;19.4241
06053;Ragaly;kozseg;Putnoki;Borsod-Abauj-Zemplen;1554;599;48.4088;20.5168
06062;Ujpetre;kozseg;Siklosi;Baranya;1671;935;45.9367;18.3636
06071;Kemenfa;kozseg;Zalaegerszegi;Zala;1489;79;46.8398;16.6376
06080;Adand;kozseg;Siofoki;Somogy;2952;2082;46.857;18.1541
06099;Ellend;kozseg;Pecsi;Baranya;799;177;46.0591;18.3758
06105;Kalmancsa;kozseg;Barcsi;Somogy;4885;584;46.068;17.6169
06114;Fule;kozseg;Szekesfehervari;Fejer;3032;844;47.0527;18.2459
06123;Doveny;kozseg;Putnoki;Borsod-Abauj-Zemplen;1165;271;48.3464;20.5441
06132;Csapi;kozseg;Nagykanizsai;Zala;1011;247;46.5321;17.0865
06141;Patalom;kozseg;Kaposvari;Somogy;668;304;46.4489;17.9207
06169;Nemesapati;kozseg;Zalaegerszegi;Zala;1037;493;46.8714;16.9478
06178;Eszteregnye;kozseg;Nagykanizsai;Zala;2009;637;46.4703;16.8842
06187;Nyiradony;varos;Nyiradonyi;Hajdu-Bihar;9656;7605;47.6914;21.9054
06196;Barbacs;kozseg;Csornai;Gyor-Moson-Sopron;1365;776;47.6457;17.2963
06202;Lakitelek;nagykozseg;Tiszakecskei;Bacs-Kiskun;5466;4628;46.8736;20.0004
06211;Hollad;kozseg;Marcali;Somogy;820;212;46.6398;17.3084
06220;Bodonhely;kozseg;Csornai;Gyor-Moson-Sopron;1110;289;47.5649;17.4073
06239;Vadosfa;kozseg;Kapuvari;Gyor-Moson-Sopron;419;112;47.4991;17.1285
06248;Pinkamindszent;kozseg;Kormendi;Vas;1101;174;47.0388;16.4839
06257;Zsadany;kozseg;Sarkadi;Bekes;6584;1670;46.9217;21.4862
06266;Hosszupalyi;nagykozseg;Derecskei;Hajdu-Bihar;7918;5491;47.3918;21.7335
06275;Zajta;kozseg;Fehergyarmati;Szabolcs-Szatmar-Bereg;919;402;47.9086;22.797
06284;Pitvaros;kozseg;Makoi;Csongrad;1314;1292;46.3213;20.7362
06293;Ujhartyan;varos;Dabasi;Pest;2243;2717;47.22;19.3841
06309;Nagyrabe;nagykozseg;Puspokladanyi;Hajdu-Bihar;8542;1989;47.2046;21.3192
06318;Nagyrev;kozseg;Kunszentmartoni;Jasz-Nagykun-Szolnok;2979;644;46.9456;20.1427
06327;Bakonypoloske;kozseg;Papai;Veszprem;1104;386;47.2107;17.488
06336;Kozarmisleny;varos;Pecsi;Baranya;1445;6215;46.0488;18.2861
06345;Aldebro;kozseg;Fuzesabonyi;Heves;2178;719;47.7893;20.2305
06354;Pusztamerges;kozseg;Morahalmi;Csongrad;2439;968;46.3284;19.6857
06363;Dorgicse;kozseg;Balatonfuredi;Veszprem;1912;235;46.9157;17.7236
06372;Pomaz;varos;Szentendrei;Pest;4903;17284;47.6468;19.0236
06381;Tolmacs;kozseg;Retsagi;Nograd;1221;773;47.9294;19.1091
06390;Bozzai;kozseg;Szombathelyi;Vas;443;290;47.2073;16.7653
06406;Jakfa;kozseg;Sarvari;Vas;2011;495;47.3384;16.955
06415;Kakics;kozseg;Sellyei;Baranya;1489;192;45.9031;17.8575
06424;Kaposszerdahely;kozseg;Kaposvari;Somogy;885;897;46.3226;17.7557
06433;Tiszadada;kozseg;Tiszavasvari;Szabolcs-Szatmar-Bereg;4875;2110;48.0308;21.2366
06442;Kalocsa;varos;Kalocsai;Bacs-Kiskun;5318;15280;46.523;18.9825
06451;Gamas;kozseg;Fonyodi;Somogy;4292;731;46.6202;17.7626
06460;Fuzerkajata;kozseg;Satoraljaujhelyi;Borsod-Abauj-Zemplen;1144;98;48.5199;21.499
06479;Lapancsa;kozseg;Siklosi;Baranya;436;179;45.8192;18.4965
06488;Nagyecsed;varos;Mateszalkai;Szabolcs-Szatmar-Bereg;4385;6171;47.8627;22.3871
06497;Bonyhad;varos;Bonyhadi;Tolna;7214;12837;46.2984;18.5322
06503;Atany;kozseg;Hevesi;Heves;5044;1450;47.6165;20.3628
06512;Kismanyok;kozseg;Bonyhadi;Tolna;543;304;46.2736;18.4748
06521;Gyermely;kozseg;Tatabanyai;Komarom-Esztergom;4546;1473;47.5911;18.6439
06530;Pusztamagyarod;kozseg;Letenyei;Zala;1602;532;46.6017;16.8201
06549;Vindornyalak;kozseg;Keszthelyi;Zala;451;59;46.8861;17.1941
06558;Bolcske;kozseg;Paksi;Tolna;5878;2643;46.7403;18.9695
06567;Sormas;kozseg;Nagykanizsai;Zala;1637;856;46.4606;16.9158
06576;Mezoszentgyorgy;kozseg;Enyingi;Fejer;2712;1273;46.994;18.2738
06585;Galosfa;kozseg;Kaposvari;Somogy;1976;203;46.2562;17.8855
06594;Domos;kozseg;Esztergomi;Komarom-Esztergom;2399;1142;47.7636;18.9111
06600;Somogyszentpal;kozseg;Marcali;Somogy;2896;781;46.6416;17.4739
06619;Borcs;kozseg;Gyori;Gyor-Moson-Sopron;1276;1320;47.685;17.5007
06628;Szecseny;varos;Szecsenyi;Nograd;4567;5615;48.0803;19.5207
06637;Varsad;kozseg;Tamasi;Tolna;2156;337;46.5247;18.5193
06646;Jobahaza;kozseg;Csornai;Gyor-Moson-Sopron;806;570;47.5818;17.1865
06655;Hejobaba;kozseg;Tiszaujvarosi;Borsod-Abauj-Zemplen;1872;1876;47.9051;20.9448
06664;Ete;kozseg;Kisberi;Komarom-Esztergom;2062;600;47.532;18.0748
06673;Ajka;varos;Ajkai;Veszprem;9505;27736;47.1057;17.5587
06682;Aka;kozseg;Kisberi;Komarom-Esztergom;1810;262;47.4044;18.0697
06691;Kazincbarcika;varos;Kazincbarcikai;Borsod-Abauj-Zemplen;3664;25981;48.2544;20.6223
06707;Borsodivanka;kozseg;Mezokovesdi;Borsod-Abauj-Zemplen;1589;707;47.6988;20.6563
06716;Nadasd;kozseg;Kormendi;Vas;3560;1300;46.9651;16.6129
06725;Borjad;kozseg;Bolyi;Baranya;1559;370;45.9353;18.4684
06734;Csosz;kozseg;Szekesfehervari;Fejer;1711;967;47.0365;18.4172
06743;Diosjeno;kozseg;Retsagi;Nograd;5750;2869;47.9395;19.0437
06761;Nagyszekely;kozseg;Tamasi;Tolna;3671;387;46.6474;18.528
06770;Markotabodoge;kozseg;Csornai;Gyor-Moson-Sopron;1629;488;47.6817;17.3104
06789;Kemse;kozseg;Sellyei;Baranya;896;59;45.8232;17.9125
06798;Hidas;kozseg;Pecsvaradi;Baranya;1906;2035;46.2584;18.4965
06804;Kotegyan;kozseg;Sarkadi;Bekes;4295;1336;46.7347;21.4791
06813;Magocs;varos;Hegyhati;Baranya;4254;2191;46.3498;18.2286
06822;Csobanka;kozseg;Szentendrei;Pest;2276;3450;47.6437;18.9672
06831;Kishajmas;kozseg;Hegyhati;Baranya;1176;167;46.2006;18.0823
06840;Soskut;kozseg;Erdi;Pest;2489;3381;47.4047;18.8306
06859;Torokbalint;varos;Erdi;Pest;2940;14045;47.435;18.913
06868;Adorjas;kozseg;Sellyei;Baranya;810;188;45.8499;18.0641
06877;Visz;kozseg;Fonyodi;Somogy;602;191;46.726;17.7831
06886;Aranyosgadany;kozseg;Pecsi;Baranya;826;323;46.0079;18.1192
06895;Kophaza;kozseg;Soproni;Gyor-Moson-Sopron;873;2099;47.6384;16.6432
06901;Tengelic;kozseg;Paksi;Tolna;7093;2164;46.5319;18.7108
06910;Belavar;kozseg;Barcsi;Somogy;2278;299;46.1217;17.2149
06929;Bekecs;kozseg;Szerencsi;Borsod-Abauj-Zemplen;2572;2364;48.1516;21.1711
06938;Vallaj;kozseg;Mateszalkai;Szabolcs-Szatmar-Bereg;2227;1178;47.7642;22.3822
06947;Szokolya;kozseg;Szobi;Pest;5905;1975;47.8668;19.0089
06956;Feherto;kozseg;Gyori;Gyor-Moson-Sopron;1138;491;47.6762;17.3453
06965;Katadfa;kozseg;Szigetvari;Baranya;439;136;45.9982;17.8696
06974;Cserepfalu;kozseg;Mezokovesdi;Borsod-Abauj-Zemplen;4465;942;47.943;20.536
06992;Kovagotottos;kozseg;Pecsi;Baranya;1394;303;46.0843;18.1003
07001;Nagykaracsony;kozseg;Dunaujvarosi;Fejer;3046;1283;46.8667;18.775
07010;Paprad;kozseg;Sellyei;Baranya;1211;149;45.8927;18.0106
07029;Mucsi;kozseg;Tamasi;Tolna;2476;407;46.4272;18.395
07038;Lenarddaroc;kozseg;Ozdi;Borsod-Abauj-Zemplen;516;241;48.1486;20.372
07047;Baracs;kozseg;Dunaujvarosi;Fejer;5518;3393;46.9133;18.8658
07056;Oreglak;kozseg;Fonyodi;Somogy;2072;1462;46.6055;17.6286
07065;Varoslod;kozseg;Ajkai;Veszprem;2227;1258;47.1461;17.6541
07074;Vazsnok;kozseg;Hegyhati;Baranya;475;132;46.2655;18.1249
07083;Tiszanana;kozseg;Hevesi;Heves;6814;2443;47.5565;20.5293
07092;Szentbekkalla;kozseg;Tapolcai;Veszprem;1070;176;46.8865;17.5646
07108;Tinnye;kozseg;Pilisvorosvari;Pest;1610;1769;47.6209;18.7779
07117;Balatonfoldvar;varos;Siofoki;Somogy;1532;2144;46.8491;17.8792
07126;Hetvehely;kozseg;Szentlorinci;Baranya;2138;455;46.1321;18.0442
07135;Cserszegtomaj;kozseg;Keszthelyi;Zala;1260;3087;46.8059;17.2316
07144;Piliscsaba;varos;Pilisvorosvari;Pest;2557;8534;47.6329;18.8261
07153;Palkonya;kozseg;Siklosi;Baranya;1000;249;45.8953;18.3908
07162;Pacsony;kozseg;Vasvari;Vas;1001;267;47.0157;16.8508
07171;Sorkifalud;kozseg;Szombathelyi;Vas;1737;667;47.1307;16.7511
07180;Sarud;kozseg;Fuzesabonyi;Heves;5162;1092;47.5885;20.5967
07199;Patak;kozseg;Balassagyarmati;Nograd;1615;940;48.0192;19.1449
07205;Ujvarfalva;kozseg;Kaposvari;Somogy;1222;259;46.434;17.5739
07214;Acsad;kozseg;Szombathelyi;Vas;1434;679;47.323;16.7342
07223;Vadna;kozseg;Kazincbarcikai;Borsod-Abauj-Zemplen;781;666;48.2736;20.5561
07232;Zalaszentlaszlo;kozseg;Zalaszentgroti;Zala;1966;804;46.8758;17.1122
07241;Apc;kozseg;Hatvani;Heves;2046;2466;47.7963;19.6916
07250;Hosztot;kozseg;Sumegi;Veszprem;727;64;47.0867;17.2401
07269;Lepseny;nagykozseg;Enyingi;Fejer;3908;2987;46.9943;18.2443
07278;Puspokmolnari;kozseg;Vasvari;Vas;1510;866;47.091;16.7965
07287;Bakonykoppany;kozseg;Papai;Veszprem;683;207;47.3305;17.6866
07296;Bogote;kozseg;Sarvari;Vas;2074;271;47.0873;17.0437
07302;Adasztevel;kozseg;Papai;Veszprem;837;759;47.3041;17.5401
07311;Bokod;kozseg;Oroszlanyi;Komarom-Esztergom;2993;2062;47.4934;18.2421
07320;Debercseny;kozseg;Balassagyarmati;Nograd;543;68;47.9649;19.3162
07339;Aszofo;kozseg;Balatonfuredi;Veszprem;832;400;46.9289;17.8334
07348;Papkeszi;kozseg;Balatonalmadi;Veszprem;2239;1502;47.082;18.0817
07357;Mako;varos;Makoi;Csongrad;22923;22390;46.215;20.4751
07366;Szarasz;kozseg;Komloi;Baranya;598;27;46.3488;18.3726
07375;Balatonkeresztur;kozseg;Marcali;Somogy;2106;1563;46.6977;17.3704
07384;Solymar;nagykozseg;Pilisvorosvari;Pest;1786;10596;47.59;18.9346
07393;Gerendas;kozseg;Bekescsabai;Bekes;4078;1187;46.5975;20.8577
07409;Paszto;varos;Pasztoi;Nograd;7260;9099;47.9211;19.6998
07418;Kengyel;kozseg;Torokszentmiklosi;Jasz-Nagykun-Szolnok;7914;3439;47.0946;20.3424
07427;Bazsi;kozseg;Sumegi;Veszprem;910;396;46.9328;17.2439
07436;Parad;nagykozseg;Petervasarai;Heves;3720;1943;47.9235;20.0305
07445;Kocsord;kozseg;Mateszalkai;Szabolcs-Szatmar-Bereg;2547;2901;47.9391;22.387
07463;Merk;nagykozseg;Mateszalkai;Szabolcs-Szatmar-Bereg;2508;2060;47.782;22.3783
07472;Berkesz;kozseg;Kemecsei;Szabolcs-Szatmar-Bereg;1318;867;48.0921;21.9787
07481;Gyorujbarat;kozseg;Gyori;Gyor-Moson-Sopron;3361;7587;47.6134;17.6366
07490;Toszeg;kozseg;Szolnoki;Jasz-Nagykun-Szolnok;5917;4335;47.1006;20.1475
07506;Lajoskomarom;nagykozseg;Enyingi;Fejer;7567;2155;46.8418;18.3372
07515;Domoszlo;kozseg;Gyongyosi;Heves;4022;1902;47.8263;20.1163
07524;Dragszel;kozseg;Kalocsai;Bacs-Kiskun;1259;285;46.4672;19.0387
07533;Burus;kozseg;Szigetvari;Baranya;1630;63;45.9643;17.7595
07542;Szentlorinckata;kozseg;Nagykatai;Pest;2015;1918;47.522;19.7558
07551;Radockolked;kozseg;Kormendi;Vas;1895;306;47.0765;16.5862
07560;Gare;kozseg;Siklosi;Baranya;853;288;45.9187;18.1941
07579;Zalabaksa;kozseg;Lenti;Zala;1611;639;46.7068;16.5523
07588;Felsoregmec;kozseg;Satoraljaujhelyi;Borsod-Abauj-Zemplen;1075;303;48.4908;21.6048
07597;Tiszavasvari;varos;Tiszavasvari;Szabolcs-Szatmar-Bereg;12854;12376;47.9566;21.3681
07603;Banfa;kozseg;Szigetvari;Baranya;1206;178;45.996;17.881
07612;Dunavecse;varos;Kunszentmiklosi;Bacs-Kiskun;6677;3806;46.9164;18.9717
07621;Alsotold;kozseg;Pasztoi;Nograd;786;231;47.9541;19.5969
07630;Komlod;kozseg;Oroszlanyi;Komarom-Esztergom;2284;1072;47.5471;18.2606
07649;Harka;kozseg;Soproni;Gyor-Moson-Sopron;1100;2622;47.6342;16.6023
07658;Nemeshetes;kozseg;Zalaegerszegi;Zala;661;265;46.8024;16.9144
07667;Oszko;kozseg;Vasvari;Vas;2031;659;47.0465;16.8745
07676;Gyulahaza;kozseg;Kisvardai;Szabolcs-Szatmar-Bereg;2207;1876;48.1379;22.1117
07685;Dombovar;varos;Dombovari;Tolna;7848;18019;46.3779;18.1333
07694;Szoked;kozseg;Pecsi;Baranya;958;304;45.9629;18.289
07700;Szepetnek;kozseg;Nagykanizsai;Zala;3039;1525;46.4335;16.8995
07719;Damoc;kozseg;Cigandi;Borsod-Abauj-Zemplen;1599;318;48.3775;22.0343
07728;Kunbaracs;kozseg;Kecskemeti;Bacs-Kiskun;5511;611;46.9893;19.4005
07737;Merenye;kozseg;Szigetvari;Baranya;1447;245;46.0697;17.6985
07746;Repcevis;kozseg;Soproni;Gyor-Moson-Sopron;609;322;47.4405;16.674
07755;Ofoldeak;kozseg;Makoi;Csongrad;3509;520;46.2964;20.437
07764;Kano;kozseg;Putnoki;Borsod-Abauj-Zemplen;1378;150;48.4273;20.5996
07773;Dencshaza;kozseg;Szigetvari;Baranya;1398;553;45.9933;17.8349
07782;Dobroce;kozseg;Zalaszentgroti;Zala;270;84;46.9373;17.1894
07807;Isaszeg;varos;Godolloi;Pest;5483;11513;47.5303;19.4017
07816;Kisbodak;kozseg;Mosonmagyarovari;Gyor-Moson-Sopron;910;366;47.8965;17.42
07825;Monok;kozseg;Szerencsi;Borsod-Abauj-Zemplen;4196;1495;48.2122;21.1498
07834;Derekegyhaz;kozseg;Szentesi;Csongrad;5378;1527;46.5821;20.356
07843;Jankmajtis;kozseg;Fehergyarmati;Szabolcs-Szatmar-Bereg;2503;1707;47.94;22.6492
07852;Tiszaszolos;kozseg;Tiszafuredi;Jasz-Nagykun-Szolnok;4779;1586;47.5563;20.7197
07861;Dunapataj;nagykozseg;Kalocsai;Bacs-Kiskun;9047;3024;46.6443;18.999
07870;Szigetcsep;kozseg;Rackevei;Pest;1820;2354;47.2671;18.9673
07889;Szolosardo;kozseg;Edelenyi;Borsod-Abauj-Zemplen;1066;96;48.4438;20.6267
07898;Halimba;kozseg;Ajkai;Veszprem;1262;1172;47.0333;17.5356
07904;Nyircsaholy;kozseg;Mateszalkai;Szabolcs-Szatmar-Bereg;3434;2165;47.9026;22.3352
07913;Nemesded;kozseg;Marcali;Somogy;2661;727;46.4297;17.2439
07922;Szentgal;kozseg;Veszpremi;Veszprem;9502;2633;47.1126;17.7351
07931;Kisapati;kozseg;Tapolcai;Veszprem;689;325;46.8426;17.4672
07940;Viszak;kozseg;Kormendi;Vas;1013;246;46.8824;16.4973
07959;Szilaspogony;kozseg;Salgotarjani;Nograd;1440;286;48.1183;20.0224
07968;Muraratka;kozseg;Letenyei;Zala;1204;218;46.4567;16.6733
07977;Ispank;kozseg;Kormendi;Vas;692;99;46.8633;16.442
07986;Bucsuta;kozseg;Letenyei;Zala;1618;210;46.5645;16.8341
07995;Lovopetri;kozseg;Kisvardai;Szabolcs-Szatmar-Bereg;926;485;48.181;22.1983
08004;Het;kozseg;Putnoki;Borsod-Abauj-Zemplen;371;412;48.2826;20.3872
08013;Felsojanosfa;kozseg;Kormendi;Vas;306;181;46.8429;16.5533
08022;Bukkszentkereszt;kozseg;Miskolci;Borsod-Abauj-Zemplen;2697;1127;48.0681;20.6301
08040;Csoma;kozseg;Kaposvari;Somogy;843;398;46.3727;18.0509
08059;Nemesszentandras;kozseg;Zalaegerszegi;Zala;546;249;46.7752;16.944
08068;Gellenhaza;kozseg;Zalaegerszegi;Zala;523;1524;46.7602;16.7837
08077;Szendro;varos;Edelenyi;Borsod-Abauj-Zemplen;5356;4175;48.403;20.7325
08086;Inancs;kozseg;Encsi;Borsod-Abauj-Zemplen;1094;1181;48.2839;21.0676
08095;Imrehegy;kozseg;Kiskorosi;Bacs-Kiskun;7031;672;46.4865;19.3024
08101;Sarhida;kozseg;Zalaegerszegi;Zala;509;764;46.7577;16.8425
08110;Koros;kozseg;Sellyei;Baranya;1512;201;45.8668;18.0819
08129;Sajooros;kozseg;Tiszaujvarosi;Borsod-Abauj-Zemplen;844;1415;47.9512;21.0222
08138;Varad;kozseg;Szigetvari;Baranya;793;120;45.9744;17.7458
08147;Szaszfa;kozseg;Szikszoi;Borsod-Abauj-Zemplen;1213;103;48.4721;20.9423
08156;Dregelypalank;kozseg;Balassagyarmati;Nograd;2218;1452;48.0521;19.0441
08165;Tard;kozseg;Mezokovesdi;Borsod-Abauj-Zemplen;4047;1106;47.873;20.6041
08174;Felsoberecki;kozseg;Satoraljaujhelyi;Borsod-Abauj-Zemplen;353;264;48.3598;21.6949
08183;Vese;kozseg;Marcali;Somogy;4292;725;46.4119;17.2912
08192;Bordany;nagykozseg;Morahalmi;Csongrad;3648;3292;46.3217;19.9217
08217;Alsotelekes;kozseg;Kazincbarcikai;Borsod-Abauj-Zemplen;644;131;48.4105;20.6547
08226;Hegyhatszentpeter;kozseg;Vasvari;Vas;684;148;46.9801;16.8129
08244;Nagyszenas;nagykozseg;Oroshazi;Bekes;9556;4634;46.6715;20.6727
08253;Klarafalva;kozseg;Szegedi;Csongrad;910;457;46.2209;20.325
08262;Nagygyimot;kozseg;Papai;Veszprem;2344;557;47.3392;17.5498
08271;Cak;kozseg;Koszegi;Vas;648;255;47.3539;16.5136
08280;Telki;kozseg;Budakeszi;Pest;1047;4165;47.5512;18.8207
08299;Bakonya;kozseg;Pecsi;Baranya;1507;336;46.0853;18.0805
08305;Bocsa;kozseg;Kiskorosi;Bacs-Kiskun;9704;1892;46.6139;19.482
08314;Hodmezovasarhely;megyei_jogu_varos;Hodmezovasarhelyi;Csongrad;48798;43311;46.4171;20.3196
08323;Gyongyospata;varos;Gyongyosi;Heves;6075;2385;47.8147;19.7903
08332;Taborfalva;nagykozseg;Dabasi;Pest;4205;3259;47.1043;19.4829
08341;Okorvolgy;kozseg;Szentlorinci;Baranya;311;68;46.1521;18.0589
08350;Harkakotony;kozseg;Kiskunhalasi;Bacs-Kiskun;5270;833;46.4634;19.6075
08369;Vockond;kozseg;Zalaegerszegi;Zala;279;100;46.8889;16.9533
08378;Jaszszentlaszlo;kozseg;Kiskunmajsai;Bacs-Kiskun;6034;2451;46.5679;19.7603
08387;Nogradsap;kozseg;Retsagi;Nograd;1547;889;47.8393;19.3554
08396;Boldva;kozseg;Edelenyi;Borsod-Abauj-Zemplen;2834;2304;48.2172;20.7884
08402;Regec;kozseg;Gonci;Borsod-Abauj-Zemplen;2721;68;48.3931;21.3452
08411;Kastelyosdombo;kozseg;Barcsi;Somogy;1308;252;45.9539;17.6175
08420;Napkor;kozseg;Nyiregyhazi;Szabolcs-Szatmar-Bereg;3735;3615;47.9423;21.8684
08439;Banokszentgyorgy;kozseg;Letenyei;Zala;3254;606;46.5458;16.7834
08448;Erteny;kozseg;Tamasi;Tolna;2995;763;46.6106;18.134
08457;Pilisszentlaszlo;kozseg;Szentendrei;Pest;1775;1194;47.7231;18.9892
08466;Beloiannisz;kozseg;Dunaujvarosi;Fejer;454;1063;47.1821;18.8255
08475;Szajk;kozseg;Bolyi;Baranya;1136;787;45.9918;18.5329
08484;Szentistvanbaksa;kozseg;Szikszoi;Borsod-Abauj-Zemplen;656;268;48.2233;21.0296
08493;Csenyete;kozseg;Encsi;Borsod-Abauj-Zemplen;997;382;48.4345;21.0402
08509;Kishodos;kozseg;Fehergyarmati;Szabolcs-Szatmar-Bereg;892;85;47.9711;22.8357
08518;Sopron;megyei_jogu_varos;Soproni;Gyor-Moson-Sopron;16904;62671;47.6803;16.5983
08527;Sirok;kozseg;Petervasarai;Heves;6339;1690;47.9309;20.1958
08536;Szany;nagykozseg;Csornai;Gyor-Moson-Sopron;3414;2055;47.4618;17.3048
08545;Orbottyan;varos;Vaci;Pest;2738;7586;47.6828;19.2638
08554;Tiszakanyar;kozseg;Kisvardai;Szabolcs-Szatmar-Bereg;1551;1501;48.248;21.9619
08563;Csapod;kozseg;Soproni;Gyor-Moson-Sopron;2918;620;47.5188;16.9273
08572;Ketujfalu;kozseg;Szigetvari;Baranya;1630;697;45.9658;17.7116
08581;Baracska;kozseg;Martonvasari;Fejer;3968;2715;47.2858;18.7576
08590;Tab;varos;Tabi;Somogy;2586;4238;46.7356;18.0384
08606;Sikator;kozseg;Pannonhalmi;Gyor-Moson-Sopron;1373;316;47.4376;17.8504
08615;Szentliszlo;kozseg;Letenyei;Zala;689;257;46.5795;16.8225
08624;Barsonyos;kozseg;Kisberi;Komarom-Esztergom;1687;762;47.509;17.9215
08633;Tiszapalkonya;kozseg;Tiszaujvarosi;Borsod-Abauj-Zemplen;1349;1408;47.8865;21.0546
08642;Kallo;kozseg;Pasztoi;Nograd;3697;1551;47.749;19.492
08651;Kisszentmarton;kozseg;Sellyei;Baranya;1486;244;45.8239;18.0237
08660;Demjen;kozseg;Egri;Heves;2508;641;47.8295;20.3336
08679;Oregcserto;kozseg;Kalocsai;Bacs-Kiskun;4306;727;46.5148;19.1069
08688;Sutto;kozseg;Esztergomi;Komarom-Esztergom;3447;2053;47.7574;18.4435
08697;Bacsszentgyorgy;kozseg;Bajai;Bacs-Kiskun;1474;144;45.9748;19.0398
08703;Bussu;kozseg;Kaposvari;Somogy;1719;412;46.4548;17.9631
08712;Jobbagyi;kozseg;Pasztoi;Nograd;1784;1987;47.8304;19.6768
08721;Gyorasszonyfa;kozseg;Pannonhalmi;Gyor-Moson-Sopron;648;485;47.4956;17.8078
08730;Bakonycsernye;nagykozseg;Mori;Fejer;3813;3014;47.3195;18.085
08749;Karakoszorcsok;kozseg;Devecseri;Veszprem;711;269;47.1321;17.2865
08758;Tat;varos;Esztergomi;Komarom-Esztergom;1206;5273;47.7398;18.6544
08767;Alsoszenterzsebet;kozseg;Lenti;Zala;963;35;46.7453;16.4773
08776;Ajak;varos;Kisvardai;Szabolcs-Szatmar-Bereg;2476;3537;48.1779;22.0522
08785;Ujsolt;kozseg;Kalocsai;Bacs-Kiskun;3298;167;46.8732;19.1208
08794;Tiszakorod;kozseg;Fehergyarmati;Szabolcs-Szatmar-Bereg;1669;745;48.1063;22.7116
08800;Siklosnagyfalu;kozseg;Siklosi;Baranya;909;417;45.8201;18.3635
08819;Felsoszentmarton;kozseg;Sellyei;Baranya;1946;820;45.8523;17.7055
08828;Teskand;kozseg;Zalaegerszegi;Zala;485;1085;46.8546;16.7794
08837;Haromfa;kozseg;Nagyatadi;Somogy;4214;715;46.1046;17.3295
08846;Basko;kozseg;Gonci;Borsod-Abauj-Zemplen;2964;149;48.3338;21.3357
08855;Karancskeszi;kozseg;Salgotarjani;Nograd;3168;1757;48.1635;19.6989
08864;Bataszek;varos;Szekszardi;Tolna;6357;6072;46.1933;18.7241
08873;Apatistvanfalva;kozseg;Szentgotthardi;Vas;1286;380;46.896;16.2533
08882;Peresznye;kozseg;Koszegi;Vas;1073;618;47.4246;16.6478
08891;Biatorbagy;varos;Budakeszi;Pest;4412;13889;47.4739;18.8233
08907;Nagykereki;kozseg;Berettyoujfalui;Hajdu-Bihar;3727;1330;47.1886;21.788
08916;Magyarfold;kozseg;Lenti;Zala;889;34;46.7764;16.4164
08925;Adony;varos;Dunaujvarosi;Fejer;6105;3880;47.1209;18.8631
08934;Vamosoroszi;kozseg;Fehergyarmati;Szabolcs-Szatmar-Bereg;1316;523;47.9921;22.6818
08943;Korosszegapati;kozseg;Berettyoujfalui;Hajdu-Bihar;4585;966;47.0413;21.6347
08952;Tiborszallas;kozseg;Mateszalkai;Szabolcs-Szatmar-Bereg;2552;955;47.8149;22.4079
08961;Ocseny;kozseg;Szekszardi;Tolna;7260;2271;46.3119;18.7589
08970;Sajosenye;kozseg;Miskolci;Borsod-Abauj-Zemplen;847;424;48.1957;20.8199
08989;Vamospercs;varos;Nyiradonyi;Hajdu-Bihar;5820;5261;47.5267;21.8987
08998;Turricse;kozseg;Fehergyarmati;Szabolcs-Szatmar-Bereg;1299;645;47.9762;22.7616
09007;Szalatnak;kozseg;Komloi;Baranya;1028;284;46.2892;18.2801
09016;Monaj;kozseg;Szikszoi;Borsod-Abauj-Zemplen;1153;255;48.3064;20.9367
09025;Or;kozseg;Mateszalkai;Szabolcs-Szatmar-Bereg;1778;1479;47.9763;22.1826
09034;Berkenye;kozseg;Retsagi;Nograd;1346;676;47.8879;19.0726
09043;Szente;kozseg;Retsagi;Nograd;753;302;47.9678;19.2866
09052;Tarnaszentmaria;kozseg;Egri;Heves;1100;219;47.8789;20.2022
09061;Rapolt;kozseg;Mateszalkai;Szabolcs-Szatmar-Bereg;321;135;47.9188;22.5555
09070;Csenye;kozseg;Sarvari;Vas;1912;697;47.2372;16.8702
09089;Gelsesziget;kozseg;Nagykanizsai;Zala;498;247;46.5661;16.9883
09098;Kaposfo;kozseg;Kaposvari;Somogy;2726;1502;46.3618;17.6698
09104;Vacszentlaszlo;kozseg;Godolloi;Pest;2987;2077;47.5735;19.5366
09113;Tiszaeszlar;kozseg;Tiszavasvari;Szabolcs-Szatmar-Bereg;5453;2422;48.0355;21.4578
09122;Farmos;kozseg;Nagykatai;Pest;4012;3400;47.3616;19.849
09131;Bag;nagykozseg;Aszodi;Pest;2355;3732;47.6337;19.4792
09140;Lorev;kozseg;Rackevei;Pest;988;291;47.1157;18.8966
09159;Dravakeresztur;kozseg;Sellyei;Baranya;1297;121;45.8394;17.7588
09168;Belezna;kozseg;Nagykanizsai;Zala;3093;711;46.3279;16.9395
09177;Gige;kozseg;Kaposvari;Somogy;1319;403;46.3007;17.6086
09186;Dunaszekcso;kozseg;Mohacsi;Baranya;3675;1796;46.0849;18.7597
09195;Vasarosmiske;kozseg;Sarvari;Vas;1342;381;47.2074;17.0623
09201;Detk;kozseg;Gyongyosi;Heves;2808;1116;47.7475;20.0993
09210;Foldeak;kozseg;Makoi;Csongrad;3637;2917;46.3193;20.4932
09229;Tokorcs;kozseg;Celldomolki;Vas;640;370;47.2698;17.0998
09238;Nyirgyulaj;kozseg;Nyirbatori;Szabolcs-Szatmar-Bereg;3575;2020;47.8828;22.0897
09247;Dabas;varos;Dabasi;Pest;16599;17202;47.1729;19.3229
09256;Nyirtet;kozseg;Kemecsei;Szabolcs-Szatmar-Bereg;1718;957;48.0092;21.9201
09265;Kisvarda;varos;Kisvardai;Szabolcs-Szatmar-Bereg;3590;15863;48.2258;22.0784
09274;Varaszlo;kozseg;Marcali;Somogy;1276;138;46.4348;17.2172
09283;Nagygeresd;kozseg;Sarvari;Vas;940;273;47.3949;16.9322
09292;Gecse;kozseg;Papai;Veszprem;934;422;47.444;17.5257
09308;Szemely;kozseg;Pecsi;Baranya;947;416;46.0088;18.327
09317;Revleanyvar;kozseg;Cigandi;Borsod-Abauj-Zemplen;1650;406;48.3251;22.04
09326;Jagonak;kozseg;Dombovari;Tolna;1540;233;46.3154;18.0915
09344;Kiskoros;varos;Kiskorosi;Bacs-Kiskun;10223;13746;46.6207;19.2837
09353;Aranyosapati;kozseg;Vasarosnamenyi;Szabolcs-Szatmar-Bereg;2111;2091;48.2123;22.2567
09362;Aggtelek;kozseg;Putnoki;Borsod-Abauj-Zemplen;4382;506;48.4675;20.5054
09371;Palfa;kozseg;Paksi;Tolna;3474;1483;46.7159;18.6157
09380;Zalaujlak;kozseg;Nagykanizsai;Zala;965;90;46.5606;17.0777
09399;Hernadcece;kozseg;Gonci;Borsod-Abauj-Zemplen;991;204;48.3589;21.1975
09405;Tapiosag;kozseg;Nagykatai;Pest;3354;2637;47.3992;19.6303
09414;Vardomb;kozseg;Szekszardi;Tolna;955;1073;46.2477;18.6874
09423;Tiszaadony;kozseg;Vasarosnamenyi;Szabolcs-Szatmar-Bereg;1563;664;48.2252;22.2905
09432;Ecsegfalva;kozseg;Gyomaendrodi;Bekes;7899;1164;47.1493;20.9228
09441;Gomba;kozseg;Monori;Pest;3971;3076;47.3704;19.5312
09450;Marfa;kozseg;Siklosi;Baranya;409;178;45.8589;18.1856
09469;Janoshalma;varos;Janoshalmai;Bacs-Kiskun;13221;8280;46.2972;19.3236
09478;Nagyhegyes;kozseg;Hajduszoboszloi;Hajdu-Bihar;13277;2724;47.5385;21.3466
09487;Fertoendred;kozseg;Soproni;Gyor-Moson-Sopron;1509;655;47.6052;16.9082
09496;Szirmabesenyo;nagykozseg;Miskolci;Borsod-Abauj-Zemplen;1575;4104;48.1541;20.796
09502;Vid;kozseg;Devecseri;Veszprem;317;115;47.2131;17.3372
09511;Gadoros;nagykozseg;Oroshazi;Bekes;3813;3266;46.6707;20.5996
09520;Gyulakeszi;kozseg;Tapolcai;Veszprem;967;696;46.8679;17.4808
09539;Dunaszentgyorgy;kozseg;Paksi;Tolna;3763;2515;46.53;18.8119
09548;Kisvaszar;kozseg;Hegyhati;Baranya;2035;333;46.2755;18.2121
09557;Tomajmonostora;kozseg;Kunhegyesi;Jasz-Nagykun-Szolnok;1376;679;47.434;20.7039
09575;Kerkaszentkiraly;kozseg;Letenyei;Zala;810;206;46.5007;16.5795
09584;Dunaharaszti;varos;Szigetszentmiklosi;Pest;2917;22558;47.36;19.0953
09593;Tura;varos;Aszodi;Pest;5592;7735;47.6093;19.5949
09609;Recsk;nagykozseg;Petervasarai;Heves;4537;2539;47.9357;20.1104
09618;Pari;kozseg;Tamasi;Tolna;1305;610;46.5795;18.2573
09627;Tiszatenyo;kozseg;Torokszentmiklosi;Jasz-Nagykun-Szolnok;2355;1488;47.136;20.3798
09636;Gorcsonydoboka;kozseg;Mohacsi;Baranya;951;337;46.0708;18.6274
09645;Vors;kozseg;Marcali;Somogy;2265;434;46.6654;17.2704
09654;Ilk;kozseg;Vasarosnamenyi;Szabolcs-Szatmar-Bereg;1456;1264;48.1197;22.2316
09663;Babarcszolos;kozseg;Siklosi;Baranya;425;78;45.8995;18.1364
09672;Nemesrempehollos;kozseg;Kormendi;Vas;1205;276;47.0922;16.6805
09681;Cegenydanyad;kozseg;Fehergyarmati;Szabolcs-Szatmar-Bereg;1219;668;47.9358;22.5476
09690;Halasztelek;varos;Szigetszentmiklosi;Pest;864;11096;47.3631;18.9811
09706;Gomorszolos;kozseg;Putnoki;Borsod-Abauj-Zemplen;877;82;48.3738;20.4273
09715;Csaszlo;kozseg;Fehergyarmati;Szabolcs-Szatmar-Bereg;1018;346;47.9142;22.7225
09724;Gyorvar;kozseg;Vasvari;Vas;1659;610;46.9865;16.8398
09733;Vigantpetend;kozseg;Tapolcai;Veszprem;1119;183;46.9645;17.6269
09742;Felsodobsza;kozseg;Gonci;Borsod-Abauj-Zemplen;1523;895;48.2553;21.0749
09751;Kisszekeres;kozseg;Fehergyarmati;Szabolcs-Szatmar-Bereg;1467;506;47.9734;22.6366
09760;Bekes;varos;Bekesi;Bekes;12723;18322;46.7717;21.1326
09779;Csor;kozseg;Szekesfehervari;Fejer;4149;1802;47.205;18.2569
09788;Sarfimizdo;kozseg;Vasvari;Vas;746;79;46.9412;16.715
09797;Nezsa;kozseg;Retsagi;Nograd;1867;1167;47.8449;19.2976
09803;Szentkatalin;kozseg;Szentlorinci;Baranya;1331;90;46.1746;18.0501
09812;Kisgorbo;kozseg;Zalaszentgroti;Zala;659;161;46.9373;17.1567
09821;Pilis;varos;Monori;Pest;4735;11753;47.2861;19.5467
09830;Szemere;kozseg;Encsi;Borsod-Abauj-Zemplen;2630;442;48.4647;21.1022
09849;Hernad;nagykozseg;Dabasi;Pest;2706;4018;47.1651;19.4071
09858;Komlosd;kozseg;Barcsi;Somogy;746;171;46.0172;17.3863
09867;Poloske;kozseg;Zalaegerszegi;Zala;4523;758;46.7561;16.9252
09876;Chernelhazadamonya;kozseg;Sarvari;Vas;785;194;47.3614;16.8392
09885;Fertod;varos;Soproni;Gyor-Moson-Sopron;4855;3326;47.6216;16.8646
09894;Borsosbereny;kozseg;Retsagi;Nograd;2026;931;47.9764;19.1175
09900;Racalmas;varos;Dunaujvarosi;Fejer;4064;4653;47.0259;18.9393
09919;Tuzser;nagykozseg;Zahonyi;Szabolcs-Szatmar-Bereg;1552;3408;48.3434;22.1187
09928;Hetes;kozseg;Kaposvari;Somogy;2663;1190;46.4219;17.6951
09937;Kenyeri;kozseg;Celldomolki;Vas;3396;798;47.3861;17.0926
09946;Hencse;kozseg;Kaposvari;Somogy;711;297;46.2003;17.6234
09955;Kovegy;kozseg;Makoi;Csongrad;971;349;46.2233;20.6845
09964;Tofalu;kozseg;Fuzesabonyi;Heves;1448;553;47.7764;20.2382
09973;Delegyhaza;kozseg;Szigetszentmiklosi;Pest;2542;4667;47.2478;19.0669
09982;Szucsi;kozseg;Gyongyosi;Heves;1738;1518;47.8042;19.7632
09991;Nagykovacsi;nagykozseg;Budakeszi;Pest;2767;8138;47.5762;18.8821
10001;Nagydem;kozseg;Papai;Veszprem;1332;329;47.4387;17.6743
10010;Lulla;kozseg;Tabi;Somogy;1039;194;46.7893;18.0238
10029;Hovej;kozseg;Kapuvari;Gyor-Moson-Sopron;852;295;47.5495;17.0204
10038;Liptod;kozseg;Bolyi;Baranya;1499;183;46.0462;18.5157
10047;Csafordjanosfa;kozseg;Soproni;Gyor-Moson-Sopron;528;242;47.4164;16.9517
10056;Borsfa;kozseg;Letenyei;Zala;1183;687;46.5012;16.7835
10065;Szentimrefalva;kozseg;Sumegi;Veszprem;1087;188;47.073;17.282
10074;Istenmezeje;kozseg;Petervasarai;Heves;3279;1421;48.083;20.0518
10083;Szakcs;kozseg;Dombovari;Tolna;5579;774;46.5385;18.1109
10092;Orvenyes;kozseg;Balatonfuredi;Veszprem;446;134;46.9148;17.8165
10108;Aporka;kozseg;Rackevei;Pest;1747;1167;47.2326;19.0121
10117;Ujkenez;kozseg;Kisvardai;Szabolcs-Szatmar-Bereg;969;952;48.2499;22.2243
10126;Gyortelek;kozseg;Mateszalkai;Szabolcs-Szatmar-Bereg;1478;1613;47.9284;22.4407
10135;Palotabozsok;kozseg;Mohacsi;Baranya;2019;852;46.1288;18.641
10144;Varboc;kozseg;Edelenyi;Borsod-Abauj-Zemplen;1010;48;48.4645;20.6449
10153;Torvaj;kozseg;Tabi;Somogy;1142;220;46.7675;18.043
10162;Puspokladany;varos;Puspokladanyi;Hajdu-Bihar;18694;13987;47.3196;21.1123
10171;Sajogalgoc;kozseg;Kazincbarcikai;Borsod-Abauj-Zemplen;1012;307;48.296;20.5311
10180;Bacsbokod;nagykozseg;Bacsalmasi;Bacs-Kiskun;6393;2429;46.124;19.1558
10199;Szarvasgede;kozseg;Pasztoi;Nograd;999;393;47.8208;19.6434
10205;Tiszarad;kozseg;Kemecsei;Szabolcs-Szatmar-Bereg;923;564;48.1213;21.7966
10223;Szalafo;kozseg;Kormendi;Vas;2737;191;46.8655;16.3636
10232;Egyhazashetye;kozseg;Celldomolki;Vas;1320;305;47.1695;17.1197
10241;Hevesaranyos;kozseg;Egri;Heves;1702;577;48.0084;20.2353
10250;Farkasgyepu;kozseg;Ajkai;Veszprem;1005;330;47.2038;17.6307
10269;Hahot;kozseg;Nagykanizsai;Zala;3901;973;46.6489;16.9228
10278;Se;kozseg;Szombathelyi;Vas;603;1369;47.2438;16.5511
10287;Kondoros;varos;Szarvasi;Bekes;8184;4741;46.76;20.7951
10296;Gardony;varos;Gardonyi;Fejer;6350;11679;47.2028;18.6262
10302;Vasboldogasszony;kozseg;Zalaegerszegi;Zala;1175;557;46.9454;16.8686
10311;Pusztacso;kozseg;Koszegi;Vas;726;164;47.3328;16.6224
10320;Vizslas;kozseg;Salgotarjani;Nograd;1012;1303;48.0497;19.8204
10339;Asotthalom;nagykozseg;Morahalmi;Csongrad;12254;3795;46.2001;19.7841
10348;Zalakomar;nagykozseg;Nagykanizsai;Zala;5488;2820;46.5464;17.1757
10357;Abod;kozseg;Edelenyi;Borsod-Abauj-Zemplen;3116;174;48.3927;20.791
10366;Fuzerradvany;kozseg;Satoraljaujhelyi;Borsod-Abauj-Zemplen;981;260;48.4847;21.525
10375;Tornakapolna;kozseg;Edelenyi;Borsod-Abauj-Zemplen;402;16;48.4625;20.6163
10384;Bejcgyertyanos;kozseg;Sarvari;Vas;3143;433;47.1487;16.923
10393;Hajduhadhaz;varos;Hajduhadhazi;Hajdu-Bihar;8782;12681;47.6845;21.6692
10409;Nemetbanya;kozseg;Papai;Veszprem;1219;109;47.2147;17.6466
10418;Nagyut;kozseg;Fuzesabonyi;Heves;1894;639;47.72;20.1729
10427;Magyaratad;kozseg;Kaposvari;Somogy;1882;754;46.4674;17.9006
10436;Szamossalyi;kozseg;Fehergyarmati;Szabolcs-Szatmar-Bereg;1157;722;47.9064;22.6103
10445;Egyhazaskeszo;kozseg;Papai;Veszprem;2012;532;47.4167;17.3292
10454;Dunasziget;kozseg;Mosonmagyarovari;Gyor-Moson-Sopron;3589;1653;47.9414;17.3551
10463;Kolesd;kozseg;Szekszardi;Tolna;3813;1500;46.5084;18.5871
10472;Csaszartoltes;kozseg;Kiskorosi;Bacs-Kiskun;8206;2172;46.423;19.1785
10481;Bicske;varos;Bicskei;Fejer;7708;11497;47.4907;18.6358
10490;Dorog;varos;Esztergomi;Komarom-Esztergom;1154;11530;47.7224;18.7314
10506;Bodrog;kozseg;Kaposvari;Somogy;1478;347;46.4868;17.6532
10515;Maroslele;kozseg;Makoi;Csongrad;4656;1973;46.2707;20.3419
10524;Detek;kozseg;Encsi;Borsod-Abauj-Zemplen;968;238;48.3333;21.019
10533;Davod;kozseg;Bajai;Bacs-Kiskun;6921;1876;45.9971;18.9205
10542;Kemes;kozseg;Siklosi;Baranya;689;438;45.8252;18.1008
10551;Monor;varos;Monori;Pest;4679;18113;47.3527;19.4468
10560;Bezi;kozseg;Gyori;Gyor-Moson-Sopron;1121;501;47.6744;17.3919
10579;Sajtoskal;kozseg;Sarvari;Vas;941;354;47.4033;16.8539
10588;Beled;varos;Kapuvari;Gyor-Moson-Sopron;2647;2553;47.4661;17.0899
10597;Rum;kozseg;Szombathelyi;Vas;1685;1190;47.1302;16.8445
10603;Csurgonagymarton;kozseg;Csurgoi;Somogy;1482;162;46.2943;17.0831
10612;Komjati;kozseg;Edelenyi;Borsod-Abauj-Zemplen;1108;173;48.5457;20.7608
10621;Bukkszenterzsebet;kozseg;Petervasarai;Heves;2486;1004;48.0507;20.1555
10630;Oriszentpeter;varos;Kormendi;Vas;3356;1141;46.8416;16.4182
10649;Csertalakos;kozseg;Zalaegerszegi;Zala;199;18;46.6415;16.6986
10658;Fertohomok;kozseg;Soproni;Gyor-Moson-Sopron;1261;805;47.6198;16.7671
10667;Varosfold;kozseg;Kecskemeti;Bacs-Kiskun;6165;2124;46.8163;19.7602
10676;Halogy;kozseg;Kormendi;Vas;705;258;46.9706;16.5614
10685;Vallus;kozseg;Keszthelyi;Zala;2180;110;46.8432;17.3024
10694;Bogdasa;kozseg;Sellyei;Baranya;2099;230;45.8739;17.7895
10719;Bacsalmas;varos;Bacsalmasi;Bacs-Kiskun;10832;6379;46.1274;19.3319
10728;Edeleny;varos;Edelenyi;Borsod-Abauj-Zemplen;5682;9358;48.2936;20.734
10737;Vamosmikola;kozseg;Szobi;Pest;2529;1625;47.9775;18.7841
10746;Kistotfalu;kozseg;Siklosi;Baranya;1050;276;45.9085;18.3114
10755;Majoshaza;kozseg;Szigetszentmiklosi;Pest;1142;1633;47.2645;18.9958
10764;Korosnagyharsany;kozseg;Sarkadi;Bekes;1991;466;47.0075;21.6441
10773;Tiszabo;kozseg;Kunhegyesi;Jasz-Nagykun-Szolnok;3504;2109;47.309;20.4853
10782;Boncodfolde;kozseg;Zalaegerszegi;Zala;590;340;46.8686;16.7384
10791;Fulesd;kozseg;Fehergyarmati;Szabolcs-Szatmar-Bereg;1505;458;48.0247;22.6756
10807;Nyirparasznya;kozseg;Mateszalkai;Szabolcs-Szatmar-Bereg;1476;945;48.0254;22.2759
10816;Kiskunlachaza;nagykozseg;Rackevei;Pest;9350;8958;47.1903;19.0057
10825;Pecsvarad;varos;Pecsvaradi;Baranya;3603;3982;46.1608;18.4207
10834;Olcsvaapati;kozseg;Fehergyarmati;Szabolcs-Szatmar-Bereg;1100;287;48.0884;22.3514
10843;Nick;kozseg;Sarvari;Vas;1140;505;47.402;17.0197
10852;Erpatak;kozseg;Nagykalloi;Szabolcs-Szatmar-Bereg;3165;1666;47.8087;21.7583
10861;Ecseny;kozseg;Kaposvari;Somogy;1292;193;46.5511;17.8524
10870;Doba;kozseg;Devecseri;Veszprem;2122;411;47.166;17.3798
10889;Lispeszentadorjan;kozseg;Letenyei;Zala;914;251;46.5421;16.6957
10904;Garadna;kozseg;Encsi;Borsod-Abauj-Zemplen;975;337;48.4184;21.175
10913;Karako;kozseg;Celldomolki;Vas;1035;203;47.1159;17.2007
10922;Maglod;varos;Vecsesi;Pest;2238;12463;47.445;19.3593
10931;Hagyarosborond;kozseg;Zalaegerszegi;Zala;1125;319;46.9104;16.7046
10940;Nagykozar;kozseg;Pecsi;Baranya;1146;1995;46.0656;18.3197
10959;Nikla;kozseg;Marcali;Somogy;2335;689;46.5764;17.5162
10968;Mogyoroska;kozseg;Gonci;Borsod-Abauj-Zemplen;1917;72;48.3765;21.3274
10977;Tiszavalk;kozseg;Mezokovesdi;Borsod-Abauj-Zemplen;1154;294;47.6896;20.7505
10986;Szulok;kozseg;Barcsi;Somogy;2791;626;46.0505;17.5508
10995;Kerekteleki;kozseg;Kisberi;Komarom-Esztergom;2945;690;47.5147;17.9387
11004;Jaszkarajeno;kozseg;Cegledi;Pest;6515;2578;47.0538;20.0683
11013;Szihalom;kozseg;Fuzesabonyi;Heves;3417;1960;47.7748;20.4816
11022;Zsujta;kozseg;Gonci;Borsod-Abauj-Zemplen;673;153;48.5005;21.2794
11031;Tolnanemedi;kozseg;Tamasi;Tolna;2195;1026;46.7142;18.4739
11040;Lakocsa;kozseg;Barcsi;Somogy;2532;505;45.8957;17.6917
11059;Baglad;kozseg;Lenti;Zala;486;26;46.6806;16.4845
11068;Rojtokmuzsaj;kozseg;Soproni;Gyor-Moson-Sopron;1586;458;47.5564;16.8357
11086;Cun;kozseg;Siklosi;Baranya;1843;210;45.8124;18.0673
11095;Nyirlovo;kozseg;Kisvardai;Szabolcs-Szatmar-Bereg;791;679;48.2008;22.1826
11101;Szolosgyorok;kozseg;Fonyodi;Somogy;1863;1189;46.708;17.6756
11110;Szuhakallo;kozseg;Kazincbarcikai;Borsod-Abauj-Zemplen;696;870;48.2841;20.6515
11129;Olcsva;kozseg;Vasarosnamenyi;Szabolcs-Szatmar-Bereg;996;691;48.0881;22.3244
11138;Vekerd;kozseg;Berettyoujfalui;Hajdu-Bihar;741;110;47.0953;21.4048
11147;Kisrakos;kozseg;Kormendi;Vas;1106;170;46.8577;16.5011
11156;Gor;kozseg;Sarvari;Vas;1099;313;47.3599;16.8042
11165;Szentpeterur;kozseg;Zalaegerszegi;Zala;1596;935;46.7584;17.0384
11174;Kethely;kozseg;Marcali;Somogy;4906;2261;46.6469;17.3933
11183;Kisder;kozseg;Siklosi;Baranya;437;95;45.9398;18.128
11192;Igal;varos;Kaposvari;Somogy;3606;1372;46.5345;17.9387
11208;Hosszuvolgy;kozseg;Nagykanizsai;Zala;360;157;46.5124;16.9304
11217;Szur;kozseg;Mohacsi;Baranya;784;224;46.0992;18.5807
11226;Hangacs;kozseg;Edelenyi;Borsod-Abauj-Zemplen;2253;557;48.2903;20.8323
11235;Kotelek;kozseg;Szolnoki;Jasz-Nagykun-Szolnok;4514;1596;47.3364;20.4356
11244;Pocspetri;kozseg;Nyirbatori;Szabolcs-Szatmar-Bereg;2637;1630;47.8813;21.9935
11253;Fertoboz;kozseg;Soproni;Gyor-Moson-Sopron;1367;325;47.6354;16.7005
11262;Kony;kozseg;Csornai;Gyor-Moson-Sopron;2887;2686;47.6316;17.3602
11271;Nyirlugos;varos;Nyirbatori;Szabolcs-Szatmar-Bereg;5838;2566;47.692;22.0418
11280;Katymar;kozseg;Bacsalmasi;Bacs-Kiskun;7109;1629;46.0345;19.2099
11299;Bokony;kozseg;Nagykalloi;Szabolcs-Szatmar-Bereg;3547;2959;47.7323;21.7525
11305;Besenyszog;varos;Szolnoki;Jasz-Nagykun-Szolnok;13808;3217;47.296;20.2571
11323;Mezokeresztes;varos;Mezokovesdi;Borsod-Abauj-Zemplen;7426;3565;47.8299;20.6922
11332;Sajonemeti;kozseg;Putnoki;Borsod-Abauj-Zemplen;737;445;48.2705;20.3812
11341;Cegled;varos;Cegledi;Pest;24487;35545;47.1716;19.7978
11350;Damak;kozseg;Edelenyi;Borsod-Abauj-Zemplen;753;239;48.3168;20.82
11369;Szakony;kozseg;Soproni;Gyor-Moson-Sopron;1350;399;47.4258;16.7158
11378;Fuzerkomlos;kozseg;Satoraljaujhelyi;Borsod-Abauj-Zemplen;587;231;48.5133;21.4529
11387;Ikervar;kozseg;Sarvari;Vas;3534;1764;47.2082;16.8954
11396;Pilisszentivan;kozseg;Pilisvorosvari;Pest;812;4200;47.6095;18.8969
11402;Mecsekpoloske;kozseg;Komloi;Baranya;731;372;46.2229;18.2111
11411;Halmajugra;kozseg;Gyongyosi;Heves;2168;1284;47.762;20.0558
11420;Pula;kozseg;Veszpremi;Veszprem;1464;186;46.9974;17.648
11439;Varpalota;varos;Varpalotai;Veszprem;7726;19436;47.1987;18.1382
11448;Kisrozvagy;kozseg;Cigandi;Borsod-Abauj-Zemplen;834;168;48.3468;21.9388
11457;Tenyo;kozseg;Gyori;Gyor-Moson-Sopron;2638;1720;47.5407;17.6456
11466;Zala;kozseg;Tabi;Somogy;924;240;46.7393;18.0015
11475;Lendvajakabfa;kozseg;Lenti;Zala;620;27;46.676;16.4428
11484;Somogycsicso;kozseg;Csurgoi;Somogy;1238;137;46.31;17.1326
11493;Szinpetri;kozseg;Edelenyi;Borsod-Abauj-Zemplen;971;204;48.4836;20.6245
11509;Szenta;kozseg;Csurgoi;Somogy;6447;344;46.2517;17.1737
11518;Radfalva;kozseg;Siklosi;Baranya;1288;169;45.8606;18.1243
11527;Balaton;kozseg;Belapatfalvai;Heves;1320;1002;48.0945;20.3061
11536;Magyardombegyhaz;kozseg;Mezokovacshazai;Bekes;765;179;46.3798;21.0722
11545;Szentjakabfa;kozseg;Balatonfuredi;Veszprem;576;105;46.934;17.6761
11554;Szecsisziget;kozseg;Lenti;Zala;620;190;46.5728;16.5932
11563;Alsonyek;kozseg;Szekszardi;Tolna;3201;706;46.2035;18.7344
11572;Petomihalyfa;kozseg;Vasvari;Vas;995;209;46.9808;16.7864
11581;Vilmany;kozseg;Gonci;Borsod-Abauj-Zemplen;1251;1455;48.4161;21.2315
11590;Piliny;kozseg;Szecsenyi;Nograd;1604;591;48.137;19.5993
11606;Dunaszentbenedek;kozseg;Kalocsai;Bacs-Kiskun;2324;767;46.5939;18.8944
11615;Korosladany;varos;Szeghalmi;Bekes;12379;4281;46.9618;21.0774
11624;Bodmer;kozseg;Bicskei;Fejer;717;240;47.4506;18.537
11633;Vasszentmihaly;kozseg;Szentgotthardi;Vas;641;343;46.9692;16.4074
11642;Felsopahok;kozseg;Keszthelyi;Zala;727;680;46.7845;17.1559
11651;Bogot;kozseg;Sarvari;Vas;499;391;47.252;16.8295
11660;Legyesbenye;kozseg;Szerencsi;Borsod-Abauj-Zemplen;2031;1379;48.1602;21.1496
11679;Janoshaza;varos;Celldomolki;Vas;2341;2430;47.1199;17.1643
11688;Diosbereny;kozseg;Tamasi;Tolna;1775;305;46.5338;18.445
11697;Hidasnemeti;kozseg;Gonci;Borsod-Abauj-Zemplen;1607;1066;48.5003;21.2288
11703;Vorosto;kozseg;Veszpremi;Veszprem;619;78;46.9717;17.7234
11712;Bata;kozseg;Szekszardi;Tolna;6616;1500;46.1286;18.7749
11730;Orfu;kozseg;Pecsi;Baranya;3215;989;46.1381;18.1552
11749;Mezonyarad;kozseg;Mezokovesdi;Borsod-Abauj-Zemplen;1406;1558;47.8571;20.6783
11758;Meszes;kozseg;Edelenyi;Borsod-Abauj-Zemplen;1140;164;48.4387;20.796
11767;Veszprem;megyeszekhely;Veszpremi;Veszprem;12690;59738;47.0934;17.908
11776;Sarszentmihaly;kozseg;Szekesfehervari;Fejer;3740;2961;47.1544;18.3263
11785;Zalakaros;varos;Nagykanizsai;Zala;1717;1988;46.5608;17.1222
11794;Szank;kozseg;Kiskunmajsai;Bacs-Kiskun;7483;2238;46.5545;19.669
11800;Vindornyaszolos;kozseg;Keszthelyi;Zala;1055;316;46.8985;17.1542
11819;Kurityan;kozseg;Kazincbarcikai;Borsod-Abauj-Zemplen;754;1522;48.3102;20.6258
11828;Porrog;kozseg;Csurgoi;Somogy;1402;199;46.2868;17.0347
11837;Pocsaj;nagykozseg;Derecskei;Hajdu-Bihar;4955;2559;47.2821;21.8048
11846;Ketbodony;kozseg;Retsagi;Nograd;1305;432;47.9354;19.2849
11855;Papakovacsi;kozseg;Papai;Veszprem;1392;556;47.2656;17.486
11864;Ersekcsanad;kozseg;Bajai;Bacs-Kiskun;5829;2753;46.252;18.9823
11873;Mezohegyes;varos;Mezokovacshazai;Bekes;15544;4945;46.314;20.8194
11882;Abda;kozseg;Gyori;Gyor-Moson-Sopron;1902;3200;47.6977;17.541
11891;Hereg;kozseg;Tatabanyai;Komarom-Esztergom;2714;1030;47.6464;18.5117
11907;Tiszamogyoros;kozseg;Zahonyi;Szabolcs-Szatmar-Bereg;1025;704;48.3204;22.2313
11916;Balatonoszod;kozseg;Siofoki;Somogy;1508;489;46.8069;17.8002
11925;Ujtikos;kozseg;Hajdunanasi;Hajdu-Bihar;3529;806;47.9166;21.1711
11934;Urom;kozseg;Pilisvorosvari;Pest;666;7689;47.5987;19.0134
11943;Gyongyosfalu;kozseg;Koszegi;Vas;965;1115;47.3156;16.5869
11952;Dinnyeberki;kozseg;Szentlorinci;Baranya;856;68;46.0972;17.9564
11961;Batya;kozseg;Kalocsai;Bacs-Kiskun;3386;1985;46.4874;18.9545
11970;Bikacs;kozseg;Paksi;Tolna;3467;411;46.6764;18.6675
11989;Murony;kozseg;Bekesi;Bekes;3570;1095;46.7618;21.039
11998;Csibrak;kozseg;Dombovari;Tolna;1462;274;46.4659;18.3427
12007;Szatymaz;kozseg;Szegedi;Csongrad;5372;4728;46.3417;20.0416
12016;Becske;kozseg;Balassagyarmati;Nograd;1566;521;47.9101;19.3763
12025;Csolyospalos;kozseg;Kiskunmajsai;Bacs-Kiskun;6510;1536;46.4186;19.8388
12034;Kelemer;kozseg;Putnoki;Borsod-Abauj-Zemplen;1881;470;48.355;20.428
12043;Olbo;kozseg;Sarvari;Vas;2353;700;47.3011;16.86
12052;Budakeszi;varos;Budakeszi;Pest;3710;14624;47.5099;18.9294
12061;Hermanszeg;kozseg;Fehergyarmati;Szabolcs-Szatmar-Bereg;520;247;47.9046;22.6245
12070;Petervasara;varos;Petervasarai;Heves;3387;2057;48.0192;20.0984
12089;Gelse;kozseg;Nagykanizsai;Zala;2246;1060;46.6022;16.9895
12098;Nyirtura;kozseg;Nyiregyhazi;Szabolcs-Szatmar-Bereg;2147;1788;48.0144;21.8334
12104;Vasszilvagy;kozseg;Szombathelyi;Vas;1180;388;47.3026;16.7497
12113;Kajarpec;kozseg;Gyori;Gyor-Moson-Sopron;3189;1269;47.4952;17.6273
12122;Letenye;varos;Letenyei;Zala;4174;3937;46.4332;16.7231
12131;Nogradmegyer;kozseg;Szecsenyi;Nograd;2277;1618;48.0692;19.6255
12140;Csepreg;varos;Koszegi;Vas;4954;3277;47.4016;16.7078
12159;Hejoszalonta;kozseg;Tiszaujvarosi;Borsod-Abauj-Zemplen;1096;826;47.9397;20.8776
12168;Patca;kozseg;Kaposvari;Somogy;496;61;46.2846;17.7238
12177;Kardoskut;kozseg;Oroshazi;Bekes;7658;781;46.4966;20.7015
12186;Patroha;kozseg;Kisvardai;Szabolcs-Szatmar-Bereg;3923;2876;48.1722;21.9899
12195;Romhany;kozseg;Retsagi;Nograd;2547;2136;47.9215;19.259
12201;Zok;kozseg;Szentlorinci;Baranya;893;294;46.0117;18.0974
12210;Tallya;kozseg;Szerencsi;Borsod-Abauj-Zemplen;3796;1699;48.2354;21.2299
12229;Terpes;kozseg;Petervasarai;Heves;220;195;47.9726;20.1509
12238;Balatonederics;kozseg;Tapolcai;Veszprem;1859;986;46.8091;17.3813
12247;Kemenesmagasi;kozseg;Celldomolki;Vas;3319;816;47.3318;17.2111
12256;Fuzesgyarmat;varos;Szeghalmi;Bekes;12734;5527;47.1046;21.2106
12265;Szekkutas;kozseg;Hodmezovasarhelyi;Csongrad;12399;1941;46.507;20.5384
12274;Nyirmada;varos;Vasarosnamenyi;Szabolcs-Szatmar-Bereg;3880;4798;48.0679;22.1877
12283;Mariakalnok;kozseg;Mosonmagyarovari;Gyor-Moson-Sopron;1548;1929;47.8619;17.3243
12292;Zsennye;kozseg;Szombathelyi;Vas;502;91;47.1129;16.8162
12308;Hedervar;kozseg;Mosonmagyarovari;Gyor-Moson-Sopron;1428;1219;47.8317;17.458
12317;Andrasfa;kozseg;Vasvari;Vas;823;224;46.9637;16.7936
12326;Gyorkony;kozseg;Paksi;Tolna;3160;938;46.6345;18.6946
12335;Tompaladony;kozseg;Sarvari;Vas;944;291;47.3806;16.8838
12344;Csengod;kozseg;Kiskorosi;Bacs-Kiskun;4889;1942;46.7161;19.2676
12353;Kistamasi;kozseg;Szigetvari;Baranya;438;93;46.0109;17.7216
12362;Palhaza;varos;Satoraljaujhelyi;Borsod-Abauj-Zemplen;675;1034;48.4716;21.5111
12371;Pamleny;kozseg;Szikszoi;Borsod-Abauj-Zemplen;1240;42;48.4948;20.9285
12380;Dravapiski;kozseg;Siklosi;Baranya;491;57;45.84;18.1006
12399;Kistokaj;kozseg;Miskolci;Borsod-Abauj-Zemplen;976;2134;48.0395;20.8378
12405;Vamosszabadi;kozseg;Gyori;Gyor-Moson-Sopron;2237;3265;47.7529;17.6487
12414;Fertorakos;kozseg;Soproni;Gyor-Moson-Sopron;2189;2323;47.7162;16.6528
12423;Rakocziujfalu;kozseg;Szolnoki;Jasz-Nagykun-Szolnok;1961;1887;47.06;20.2624
12432;Fedemes;kozseg;Petervasarai;Heves;862;290;48.0316;20.1857
12441;Abadszalok;varos;Kunhegyesi;Jasz-Nagykun-Szolnok;13223;4042;47.476;20.5998
12450;Csokmo;nagykozseg;Berettyoujfalui;Hajdu-Bihar;6897;1868;47.0334;21.2949
12469;Ratka;kozseg;Szerencsi;Borsod-Abauj-Zemplen;1178;945;48.2135;21.2264
12478;Kemenesszentpeter;kozseg;Papai;Veszprem;2135;587;47.4273;17.2293
12487;Ujcsanalos;kozseg;Miskolci;Borsod-Abauj-Zemplen;1220;827;48.1379;21.0038
12496;Zalaistvand;kozseg;Zalaegerszegi;Zala;1080;331;46.9179;16.9759
12502;Kisnana;kozseg;Gyongyosi;Heves;2260;990;47.8531;20.1461
12511;Dejtar;kozseg;Balassagyarmati;Nograd;2142;1376;48.0378;19.1712
12520;Sagujfalu;kozseg;Salgotarjani;Nograd;1203;972;48.1033;19.6798
12539;Gyurus;kozseg;Zalaegerszegi;Zala;419;91;46.8844;16.9922
12548;Abaliget;kozseg;Pecsi;Baranya;1609;647;46.141;18.1167
12557;Fancsal;kozseg;Encsi;Borsod-Abauj-Zemplen;977;304;48.3556;21.064
12566;Dunafalva;kozseg;Bajai;Bacs-Kiskun;5790;903;46.0838;18.7726
12575;Lenti;varos;Lenti;Zala;7379;7348;46.6246;16.5367
12593;Tiszadob;nagykozseg;Tiszavasvari;Szabolcs-Szatmar-Bereg;8258;2735;48.0095;21.1668
12609;Turje;kozseg;Zalaszentgroti;Zala;3823;1542;46.9842;17.1046
12618;Kerteszsziget;kozseg;Szeghalmi;Bekes;3911;352;47.1547;21.0627
12627;Sokoropatka;kozseg;Gyori;Gyor-Moson-Sopron;1686;1148;47.4845;17.7006
12636;Kisapostag;kozseg;Dunaujvarosi;Fejer;958;1407;46.8932;18.9329
12645;Obanya;kozseg;Pecsvaradi;Baranya;749;101;46.2205;18.4115
12654;Zalahalap;kozseg;Tapolcai;Veszprem;2413;1144;46.915;17.4593
12663;Kaposkeresztur;kozseg;Kaposvari;Somogy;1980;318;46.3321;17.9652
12672;Kisvarsany;kozseg;Vasarosnamenyi;Szabolcs-Szatmar-Bereg;1283;1001;48.145;22.298
12681;Telekgerendas;kozseg;Bekescsabai;Bekes;7237;1324;46.6565;20.9496
12690;Szod;kozseg;Vaci;Pest;1353;3740;47.7192;19.182
12706;Haromhuta;kozseg;Sarospataki;Borsod-Abauj-Zemplen;3780;100;48.3749;21.4109
12715;Pazmandfalu;kozseg;Pannonhalmi;Gyor-Moson-Sopron;1939;1053;47.5696;17.784
12724;Csehimindszent;kozseg;Vasvari;Vas;1543;371;47.0465;16.9557
12733;Horvatlovo;kozseg;Szombathelyi;Vas;616;225;47.1802;16.4615
12742;Ganna;kozseg;Papai;Veszprem;1547;202;47.2313;17.5278
12751;Gerde;kozseg;Szentlorinci;Baranya;1276;492;45.9908;18.0261
12760;Nagybakonak;kozseg;Nagykanizsai;Zala;1794;362;46.5516;17.0445
12779;Nagylak;kozseg;Makoi;Csongrad;469;392;46.1709;20.71
12788;Berettyoujfalu;varos;Berettyoujfalui;Hajdu-Bihar;17101;14614;47.2247;21.5355
12797;Opusztaszer;kozseg;Kisteleki;Csongrad;5950;2152;46.4972;20.0642
12803;Hajdudorog;varos;Hajduboszormenyi;Hajdu-Bihar;10064;8441;47.8157;21.5007
12812;Mezoors;kozseg;Gyori;Gyor-Moson-Sopron;4848;953;47.5687;17.8795
12821;Egerbakta;kozseg;Egri;Heves;3237;1419;47.9355;20.2905
12830;Bezered;kozseg;Zalaegerszegi;Zala;1214;126;46.8692;17.013
12849;Kisjakabfalva;kozseg;Siklosi;Baranya;662;90;45.8953;18.4356
12858;Nagyhajmas;kozseg;Hegyhati;Baranya;1801;278;46.3743;18.2892
12867;Pereked;kozseg;Pecsi;Baranya;674;144;46.093;18.3732
12876;Somogymeggyes;kozseg;Tabi;Somogy;1565;459;46.7191;17.9152
12885;Nyekladhaza;varos;Miskolci;Borsod-Abauj-Zemplen;2467;4861;47.9922;20.8306
12894;Ullo;varos;Vecsesi;Pest;4810;12185;47.3851;19.3453
12900;Korostarcsa;kozseg;Bekesi;Bekes;6280;2316;46.8768;21.0233
12919;Vonyarcvashegy;nagykozseg;Keszthelyi;Zala;1429;2280;46.7642;17.3096
12928;Csaholc;kozseg;Fehergyarmati;Szabolcs-Szatmar-Bereg;1935;724;47.9847;22.7289
12937;Hercegszanto;kozseg;Bajai;Bacs-Kiskun;6855;1957;45.9506;18.9358
12946;Garabonc;kozseg;Nagykanizsai;Zala;1856;626;46.5848;17.1223
12955;Nyul;kozseg;Gyori;Gyor-Moson-Sopron;2514;4485;47.5899;17.689
12964;Puski;kozseg;Mosonmagyarovari;Gyor-Moson-Sopron;839;653;47.8872;17.4057
12973;Szentgalosker;kozseg;Kaposvari;Somogy;2725;495;46.5013;17.8817
12982;Vilyvitany;kozseg;Satoraljaujhelyi;Borsod-Abauj-Zemplen;1312;230;48.4946;21.5626
12991;Galambok;kozseg;Nagykanizsai;Zala;2591;1207;46.5223;17.1258
13000;Gemzse;kozseg;Vasarosnamenyi;Szabolcs-Szatmar-Bereg;1359;796;48.1395;22.1943
13019;Hodasz;nagykozseg;Mateszalkai;Szabolcs-Szatmar-Bereg;2649;3424;47.9168;22.2046
13028;Kondorfa;kozseg;Szentgotthardi;Vas;2161;483;46.8966;16.3929
13037;Zsurk;kozseg;Zahonyi;Szabolcs-Szatmar-Bereg;1519;720;48.4106;22.2184
13046;Szamosszeg;kozseg;Mateszalkai;Szabolcs-Szatmar-Bereg;3530;1723;48.0427;22.365
13055;Kissziget;kozseg;Lenti;Zala;706;160;46.6226;16.6657
13064;Magyarszerdahely;kozseg;Nagykanizsai;Zala;1622;496;46.5554;16.9373
13082;Kozmadombja;kozseg;Lenti;Zala;763;33;46.7668;16.5507
13091;Zalaszentmarton;kozseg;Keszthelyi;Zala;498;55;46.7037;17.0631
13116;Boldogasszonyfa;kozseg;Szigetvari;Baranya;1722;360;46.18;17.8406
13125;Takacsi;kozseg;Papai;Veszprem;1913;857;47.4004;17.4698
13134;Golop;kozseg;Szerencsi;Borsod-Abauj-Zemplen;943;535;48.2371;21.189
13143;Jeke;kozseg;Kisvardai;Szabolcs-Szatmar-Bereg;632;727;48.2388;22.1515
13152;Cece;nagykozseg;Sarbogardi;Fejer;5885;2571;46.7706;18.6284
13161;Roszke;kozseg;Szegedi;Csongrad;3663;3285;46.1872;20.0355
13170;Csepa;kozseg;Kunszentmartoni;Jasz-Nagykun-Szolnok;2967;1579;46.8062;20.1305
13198;Gyorladamer;kozseg;Gyori;Gyor-Moson-Sopron;861;1761;47.7535;17.5634
13204;Hont;kozseg;Balassagyarmati;Nograd;2413;462;48.0501;18.9913
13213;Tunyogmatolcs;kozseg;Fehergyarmati;Szabolcs-Szatmar-Bereg;2628;2377;47.9707;22.4582
13222;Mihalygerge;kozseg;Salgotarjani;Nograd;1106;541;48.1952;19.6341
13231;Szentdomonkos;kozseg;Petervasarai;Heves;1840;458;48.0698;20.2016
13240;Tarnalelesz;kozseg;Petervasarai;Heves;3713;1615;48.0568;20.1806
13259;Szabadegyhaza;kozseg;Gardonyi;Fejer;4164;1977;47.0768;18.6925
13268;Sostofalva;kozseg;Miskolci;Borsod-Abauj-Zemplen;728;203;48.1563;20.9886
13277;Szigethalom;varos;Szigetszentmiklosi;Pest;912;17791;47.3245;19.0002
13286;Felsoegerszeg;kozseg;Hegyhati;Baranya;484;116;46.2538;18.1338
13295;Galgagyork;kozseg;Vaci;Pest;1472;997;47.7407;19.3753
13301;Zalaszentlorinc;kozseg;Zalaegerszegi;Zala;489;248;46.9168;16.8884
13310;Bicserd;kozseg;Szentlorinci;Baranya;1975;1000;46.0226;18.0815
13329;Almamellek;kozseg;Szigetvari;Baranya;4433;381;46.1575;17.8741
13338;Gyongyosoroszi;kozseg;Gyongyosi;Heves;2139;1543;47.829;19.8925
13347;Gerenyes;kozseg;Hegyhati;Baranya;1234;235;46.3054;18.1849
13356;Egerszog;kozseg;Edelenyi;Borsod-Abauj-Zemplen;1077;54;48.4436;20.5859
13365;Botykapeterd;kozseg;Szigetvari;Baranya;1743;332;46.049;17.8663
13374;Kazsmark;kozseg;Szikszoi;Borsod-Abauj-Zemplen;1248;956;48.2755;20.974
13383;Domaszek;kozseg;Szegedi;Csongrad;5215;5043;46.2461;19.9993
13408;Balloszog;kozseg;Kecskemeti;Bacs-Kiskun;3500;3652;46.8606;19.5696
13426;Kemenesmihalyfa;kozseg;Celldomolki;Vas;1781;509;47.2854;17.1136
13435;Nagykata;varos;Nagykatai;Pest;8161;12366;47.4138;19.7504
13444;Mecseknadasd;kozseg;Pecsvaradi;Baranya;3608;1496;46.2244;18.4645
13453;Orimagyarosd;kozseg;Kormendi;Vas;1229;222;46.8868;16.5353
13462;Ivancsa;kozseg;Dunaujvarosi;Fejer;2517;2806;47.1473;18.8311
13471;Bucsa;kozseg;Szeghalmi;Bekes;5582;2144;47.2042;20.9967
13480;Erdokertes;kozseg;Godolloi;Pest;575;8220;47.6702;19.3084
13499;Erzsebet;kozseg;Pecsvaradi;Baranya;975;253;46.1007;18.4586
13505;Csikvand;kozseg;Teti;Gyor-Moson-Sopron;1453;495;47.4655;17.451
13514;Jaszszentandras;kozseg;Jaszapati;Jasz-Nagykun-Szolnok;4433;2501;47.584;20.1735
13523;Szucs;kozseg;Egri;Heves;849;379;48.0478;20.2495
13532;Kormend;varos;Kormendi;Vas;5279;11179;47.0127;16.601
13541;Tiszaszalka;kozseg;Vasarosnamenyi;Szabolcs-Szatmar-Bereg;1495;882;48.1863;22.3149
13550;Nyirtelek;varos;Nyiregyhazi;Szabolcs-Szatmar-Bereg;6792;6502;48.0103;21.6314
13569;Gosztola;kozseg;Lenti;Zala;698;49;46.5867;16.528
13578;Budapest;fovaros;BUDAPEST;BUDAPEST;52514;1706851;47.4983;19.0408
13587;Felsocsatar;kozseg;Szombathelyi;Vas;1790;480;47.2139;16.4447
13596;Bukkabrany;kozseg;Mezokovesdi;Borsod-Abauj-Zemplen;1802;1667;47.8878;20.6834
13602;Turistvandi;kozseg;Fehergyarmati;Szabolcs-Szatmar-Bereg;1522;775;48.0514;22.6458
13611;Dravagardony;kozseg;Barcsi;Somogy;627;166;45.944;17.6047
13620;Mucsfa;kozseg;Bonyhadi;Tolna;1275;298;46.3551;18.4191
13639;Besenyod;kozseg;Baktaloranthazai;Szabolcs-Szatmar-Bereg;945;746;47.9634;22.0094
13648;Egerszolat;kozseg;Egri;Heves;2610;1039;47.8904;20.2678
13657;Balassagyarmat;varos;Balassagyarmati;Nograd;2333;14705;48.0769;19.2926
13666;Kiralyhegyes;kozseg;Makoi;Csongrad;2980;572;46.2703;20.612
13675;Tengeri;kozseg;Sellyei;Baranya;446;45;45.9264;18.0884
13684;Perenye;kozseg;Szombathelyi;Vas;1622;653;47.293;16.5738
13693;Taska;kozseg;Marcali;Somogy;2598;368;46.6181;17.5232
13709;Nagyszokoly;kozseg;Tamasi;Tolna;2799;885;46.7226;18.2092
13718;Horpacs;kozseg;Retsagi;Nograd;672;158;47.9967;19.1312
13727;Gacsaly;kozseg;Fehergyarmati;Szabolcs-Szatmar-Bereg;1982;969;47.9309;22.7568
13736;Zalavar;kozseg;Keszthelyi;Zala;3106;812;46.6685;17.1566
13745;Kokut;kozseg;Kaposvari;Somogy;2023;522;46.1922;17.5751
13754;Szanda;kozseg;Balassagyarmati;Nograd;2149;615;47.9279;19.4404
13763;Telkibanya;kozseg;Gonci;Borsod-Abauj-Zemplen;4682;507;48.4856;21.3545
13772;Saska;kozseg;Tapolcai;Veszprem;3748;277;46.9357;17.4763
13781;Kiskorpad;kozseg;Kaposvari;Somogy;1695;859;46.3631;17.6093
13790;Polany;kozseg;Kaposvari;Somogy;1287;217;46.5583;17.7727
13806;Kompoc;kozseg;Kiskunmajsai;Bacs-Kiskun;2998;655;46.4671;19.8655
13815;Tiszafoldvar;varos;Kunszentmartoni;Jasz-Nagykun-Szolnok;8034;10417;46.9804;20.2541
13824;Somodor;kozseg;Kaposvari;Somogy;1991;358;46.4761;17.8421
13833;Mezocsat;varos;Mezocsati;Borsod-Abauj-Zemplen;10309;5656;47.8175;20.9032
13842;Kozard;kozseg;Pasztoi;Nograd;644;168;47.914;19.6182
13851;Cserto;kozseg;Szigetvari;Baranya;1425;369;46.0903;17.8028
13860;Pusztadobos;kozseg;Vasarosnamenyi;Szabolcs-Szatmar-Bereg;1669;1539;48.0553;22.2243
13879;Ivad;kozseg;Petervasarai;Heves;1194;348;48.0207;20.0608
13888;Tiszakeszi;kozseg;Mezocsati;Borsod-Abauj-Zemplen;4617;2531;47.7883;20.9946
13897;Vertesboglar;kozseg;Bicskei;Fejer;2321;911;47.4289;18.5248
13903;Nadasdladany;kozseg;Szekesfehervari;Fejer;2635;1729;47.1378;18.2399
13912;Magyarkeresztur;kozseg;Csornai;Gyor-Moson-Sopron;1673;404;47.5214;17.1655
13921;Iklodbordoce;kozseg;Lenti;Zala;1230;269;46.6052;16.6117
13930;Porrogszentkiraly;kozseg;Csurgoi;Somogy;1365;248;46.2728;17.0407
13949;Hevizgyork;kozseg;Aszodi;Pest;2285;3082;47.6303;19.519
13958;Jak;kozseg;Szombathelyi;Vas;4495;2533;47.141;16.5807
13976;Tiszakarad;kozseg;Cigandi;Borsod-Abauj-Zemplen;4756;2335;48.2028;21.72
13985;Felsomocsolad;kozseg;Kaposvari;Somogy;1651;325;46.5763;17.825
13994;Bolhas;kozseg;Nagyatadi;Somogy;3143;397;46.2633;17.2719
14003;Nyiracsad;kozseg;Nyiradonyi;Hajdu-Bihar;7492;3777;47.6021;21.9723
14012;Ortilos;kozseg;Csurgoi;Somogy;2112;402;46.2815;16.9262
14021;Lukacshaza;kozseg;Koszegi;Vas;936;1098;47.3365;16.5816
14030;Nagymanyok;varos;Bonyhadi;Tolna;1068;2207;46.2825;18.4592
14058;Fulopszallas;kozseg;Kiskorosi;Bacs-Kiskun;9132;2047;46.8201;19.2396
14067;Papoc;kozseg;Celldomolki;Vas;3132;238;47.4131;17.1289
14076;Tenk;kozseg;Hevesi;Heves;1234;1202;47.6547;20.3406
14085;Senye;kozseg;Zalaszentgroti;Zala;304;42;46.8954;17.1349
14094;Tiszaug;kozseg;Tiszakecskei;Bacs-Kiskun;2504;965;46.8517;20.0579
14100;Kajdacs;kozseg;Paksi;Tolna;3773;1158;46.5641;18.6186
14119;Bezedek;kozseg;Mohacsi;Baranya;1136;201;45.8669;18.5858
14128;Tarnaors;kozseg;Hevesi;Heves;3028;1795;47.5954;20.0528
14137;Bojt;kozseg;Berettyoujfalui;Hajdu-Bihar;2688;534;47.1915;21.7361
14146;Tapioszele;varos;Nagykatai;Pest;3699;5827;47.3321;19.8756
14155;Tokod;nagykozseg;Esztergomi;Komarom-Esztergom;1491;3947;47.7228;18.6593
14164;Harc;kozseg;Szekszardi;Tolna;1586;827;46.403;18.6177
14173;Band;kozseg;Veszpremi;Veszprem;984;658;47.122;17.7796
14182;Varvolgy;kozseg;Keszthelyi;Zala;2504;1040;46.8669;17.2976
14191;Nagyvaty;kozseg;Szigetvari;Baranya;1267;323;46.0608;17.9313
14207;Rakoczifalva;varos;Szolnoki;Jasz-Nagykun-Szolnok;3594;5309;47.0898;20.2343
14225;Szentmargitfalva;kozseg;Letenyei;Zala;312;66;46.4963;16.6608
14234;Bujak;kozseg;Pasztoi;Nograd;5304;2132;47.8848;19.5451
14243;Somlovecse;kozseg;Devecseri;Veszprem;493;48;47.1952;17.3514
14252;Apatfalva;kozseg;Makoi;Csongrad;5378;2828;46.1768;20.5746
14261;Tap;kozseg;Pannonhalmi;Gyor-Moson-Sopron;1988;746;47.5166;17.8303
14270;Kaptalanfa;kozseg;Sumegi;Veszprem;3371;756;47.0659;17.3441
14289;Csokvaomany;kozseg;Ozdi;Borsod-Abauj-Zemplen;1500;798;48.1658;20.3738
14298;Ramocsa;kozseg;Lenti;Zala;273;37;46.775;16.4483
14304;Zavod;kozseg;Bonyhadi;Tolna;1291;266;46.3936;18.4146
14313;Sajokaza;kozseg;Kazincbarcikai;Borsod-Abauj-Zemplen;3072;3057;48.2853;20.5842
14322;Vaspor;kozseg;Zalaegerszegi;Zala;1345;329;46.9167;16.6433
14331;Arlo;nagykozseg;Ozdi;Borsod-Abauj-Zemplen;4687;3521;48.1767;20.2542
14340;Pilisvorosvar;varos;Pilisvorosvari;Pest;2430;14274;47.6211;18.9116
14359;Kekcse;kozseg;Kisvardai;Szabolcs-Szatmar-Bereg;1823;1423;48.2517;22.0095
14368;Bosta;kozseg;Pecsi;Baranya;595;128;45.9496;18.211
14377;Fulposdaroc;kozseg;Mateszalkai;Szabolcs-Szatmar-Bereg;425;334;47.9418;22.4777
14386;Kercseliget;kozseg;Kaposvari;Somogy;1947;348;46.3261;18.0649
14395;Bakhaza;kozseg;Nagyatadi;Somogy;592;160;46.1082;17.3594
14401;Bodrogolaszi;kozseg;Sarospataki;Borsod-Abauj-Zemplen;2061;862;48.2877;21.5176
14410;Kubekhaza;kozseg;Szegedi;Csongrad;2732;1407;46.1495;20.2764
14429;Alsogagy;kozseg;Encsi;Borsod-Abauj-Zemplen;628;71;48.4047;21.0237
14438;Repceszemere;kozseg;Kapuvari;Gyor-Moson-Sopron;942;292;47.4278;16.9754
14447;Tiszatelek;kozseg;Ibranyi;Szabolcs-Szatmar-Bereg;3379;1377;48.1921;21.7951
14456;Szentes;varos;Szentesi;Csongrad;35325;26887;46.6524;20.2566
14465;Tabajd;kozseg;Bicskei;Fejer;2657;948;47.4065;18.6264
14474;Boldogkovaralja;kozseg;Gonci;Borsod-Abauj-Zemplen;2199;1087;48.3382;21.2378
14483;Mariakemend;kozseg;Bolyi;Baranya;1578;514;46.029;18.4623
14492;Ozd;varos;Ozdi;Borsod-Abauj-Zemplen;9180;32214;48.2196;20.2955
14508;Dombrad;varos;Kisvardai;Szabolcs-Szatmar-Bereg;5184;3823;48.2257;21.9244
14517;Kovacsszenaja;kozseg;Pecsi;Baranya;783;73;46.1721;18.1093
14526;Heves;varos;Hevesi;Heves;9931;10111;47.5958;20.2898
14535;Komlo;kozseg;Hevesi;Heves;4922;1950;47.6009;20.4441
14544;Tatahaza;kozseg;Bacsalmasi;Bacs-Kiskun;2610;1148;46.1753;19.3012
14553;Kapolcs;kozseg;Tapolcai;Veszprem;1398;404;46.9559;17.6089
14562;Balatonmariafurdo;kozseg;Marcali;Somogy;2677;704;46.7015;17.4075
14571;Tapioszentmarton;nagykozseg;Nagykatai;Pest;10291;5292;47.3405;19.7447
14580;Vamosgyork;kozseg;Gyongyosi;Heves;2182;1939;47.6808;19.9279
14599;Gorgeteg;kozseg;Nagyatadi;Somogy;3350;1129;46.1466;17.4364
14605;Lapafo;kozseg;Dombovari;Tolna;931;136;46.5141;18.0596
14614;Ebes;kozseg;Hajduszoboszloi;Hajdu-Bihar;7730;4497;47.4712;21.4915
14623;Zakany;kozseg;Csurgoi;Somogy;869;1000;46.2516;16.9496
14632;Fonyod;varos;Fonyodi;Somogy;5355;4813;46.7468;17.5495
14641;Markhaza;kozseg;Salgotarjani;Nograd;631;241;48.0135;19.7166
14650;Nagynyarad;kozseg;Mohacsi;Baranya;2434;694;45.9449;18.5817
14669;Pilismarot;kozseg;Esztergomi;Komarom-Esztergom;4458;2061;47.7849;18.8747
14678;Darvas;kozseg;Berettyoujfalui;Hajdu-Bihar;4231;496;47.1003;21.339
14687;Pinnye;kozseg;Soproni;Gyor-Moson-Sopron;864;344;47.5871;16.7686
14696;Nyiribrony;kozseg;Baktaloranthazai;Szabolcs-Szatmar-Bereg;2009;1085;48.0145;21.9634
14702;Kissikator;kozseg;Ozdi;Borsod-Abauj-Zemplen;1038;279;48.1937;20.1316
14711;Szalka;kozseg;Szekszardi;Tolna;1708;550;46.2774;18.6372
14720;Palfiszeg;kozseg;Zalaegerszegi;Zala;559;153;46.78;16.7288
14739;Rakamaz;varos;Nyiregyhazi;Szabolcs-Szatmar-Bereg;4263;4294;48.1222;21.4775
14748;Kimle;kozseg;Mosonmagyarovari;Gyor-Moson-Sopron;3726;2178;47.8268;17.371
14757;Noszlop;kozseg;Devecseri;Veszprem;3406;920;47.1793;17.4582
14766;Dunatetetlen;kozseg;Kalocsai;Bacs-Kiskun;4319;491;46.7577;19.0948
14775;Nagyborzsony;kozseg;Szobi;Pest;5066;659;47.936;18.8244
14784;Tardona;kozseg;Kazincbarcikai;Borsod-Abauj-Zemplen;1230;991;48.1699;20.5298
14793;Rabakecol;kozseg;Kapuvari;Gyor-Moson-Sopron;2303;628;47.4322;17.1141
14809;Mersevat;kozseg;Celldomolki;Vas;1054;567;47.2895;17.205
14818;Bonyhadvarasd;kozseg;Bonyhadi;Tolna;1045;409;46.3703;18.48
14827;Szekesfehervar;megyeszekhely;Szekesfehervari;Fejer;17089;96940;47.191;18.4108
14836;Zagyvarekas;kozseg;Szolnoki;Jasz-Nagykun-Szolnok;3171;3434;47.2677;20.1278
14845;Nyirbator;varos;Nyirbatori;Szabolcs-Szatmar-Bereg;6674;11715;47.8395;22.1322
14854;Szabadi;kozseg;Kaposvari;Somogy;823;293;46.3674;18.0318
14863;Latrany;kozseg;Fonyodi;Somogy;2231;1330;46.7485;17.7446
14872;Matraderecske;kozseg;Petervasarai;Heves;1399;1912;47.9497;20.0828
14881;Soshartyan;kozseg;Salgotarjani;Nograd;1214;953;48.0706;19.6782
14890;Tomor;kozseg;Edelenyi;Borsod-Abauj-Zemplen;1289;233;48.3274;20.8827
14906;Sarmellek;kozseg;Keszthelyi;Zala;3537;1871;46.7081;17.1683
14915;Malyinka;kozseg;Kazincbarcikai;Borsod-Abauj-Zemplen;2421;408;48.1539;20.4952
14924;Ujszentivan;kozseg;Szegedi;Csongrad;1549;2028;46.187;20.1807
14933;Bodony;kozseg;Petervasarai;Heves;2896;719;47.9423;20.0238
14942;Sagvar;kozseg;Siofoki;Somogy;3844;1817;46.8373;18.102
14951;Sukoro;kozseg;Gardonyi;Fejer;1627;1700;47.242;18.5978
14960;Zebegeny;kozseg;Szobi;Pest;963;1253;47.8;18.9102
14979;Nagyrecse;kozseg;Nagykanizsai;Zala;2699;1028;46.4887;17.0516
14988;Pecol;kozseg;Sarvari;Vas;1731;771;47.2057;16.8298
14997;Hegyhathodasz;kozseg;Kormendi;Vas;808;152;46.934;16.6576
15006;Nemetker;kozseg;Paksi;Tolna;6497;1722;46.7175;18.7644
15015;Tapiobicske;kozseg;Nagykatai;Pest;4848;3398;47.3622;19.6867
15024;Paty;kozseg;Budakeszi;Pest;3930;7693;47.5147;18.8271
15033;Enese;kozseg;Gyori;Gyor-Moson-Sopron;1989;1779;47.6439;17.4219
15042;Babot;kozseg;Kapuvari;Gyor-Moson-Sopron;2167;1152;47.576;17.0756
15051;Matty;kozseg;Siklosi;Baranya;1690;298;45.7934;18.2633
15060;Nagymizdo;kozseg;Kormendi;Vas;676;98;46.9921;16.6549
15079;Szabadszentkiraly;kozseg;Szentlorinci;Baranya;1269;702;46.0063;18.0421
15088;Hetyefo;kozseg;Sumegi;Veszprem;411;87;47.0447;17.1612
15097;Baktuttos;kozseg;Zalaegerszegi;Zala;971;338;46.7013;16.8189
15103;Szenna;kozseg;Kaposvari;Somogy;2698;763;46.3084;17.7319
15112;Kerkafalva;kozseg;Lenti;Zala;1850;97;46.7732;16.485
15121;Osli;kozseg;Kapuvari;Gyor-Moson-Sopron;1880;854;47.6402;17.0749
15130;Debrecen;megyeszekhely;Debreceni;Hajdu-Bihar;46166;201432;47.5314;21.626
15149;Vamosujfalu;kozseg;Sarospataki;Borsod-Abauj-Zemplen;1064;681;48.2576;21.4503
15158;Zsana;kozseg;Kiskunhalasi;Bacs-Kiskun;8794;724;46.3798;19.6596
15167;Bakonszeg;kozseg;Berettyoujfalui;Hajdu-Bihar;3503;1170;47.1895;21.4455
15176;Alcsutdoboz;kozseg;Bicskei;Fejer;5071;1453;47.4254;18.6032
15185;Szigetszentmarton;kozseg;Rackevei;Pest;1073;2284;47.2286;18.9576
15194;Szolad;kozseg;Siofoki;Somogy;1998;480;46.7868;17.8402
15200;Bekescsaba;megyeszekhely;Bekescsabai;Bekes;19393;58996;46.6798;21.0985
15219;Marocsa;kozseg;Sellyei;Baranya;1138;78;45.9147;17.8148
15228;Gyorzamoly;kozseg;Gyori;Gyor-Moson-Sopron;2638;3129;47.7404;17.5788
15237;Egyhazasfalu;kozseg;Soproni;Gyor-Moson-Sopron;2164;889;47.4651;16.7654
15246;Pusztamonostor;kozseg;Jaszberenyi;Jasz-Nagykun-Szolnok;2462;1542;47.5556;19.7942
15255;Labatlan;varos;Esztergomi;Komarom-Esztergom;2637;4849;47.7451;18.5016
15264;Keked;kozseg;Gonci;Borsod-Abauj-Zemplen;1301;133;48.5463;21.3486
15273;Rabaszentandras;kozseg;Csornai;Gyor-Moson-Sopron;1160;458;47.4608;17.33
15282;Vertessomlo;kozseg;Tatabanyai;Komarom-Esztergom;2230;1332;47.5112;18.3651
15291;Ujszasz;varos;Szolnoki;Jasz-Nagykun-Szolnok;5820;5913;47.2844;20.0703
15307;Kapolna;kozseg;Fuzesabonyi;Heves;2151;1464;47.7605;20.247
15316;Szakadat;kozseg;Tamasi;Tolna;1070;199;46.5388;18.4737
15325;Szatok;kozseg;Retsagi;Nograd;895;593;47.9566;19.2325
15334;Vasegerszeg;kozseg;Sarvari;Vas;1272;364;47.373;16.9208
15343;Fertoszentmiklos;varos;Soproni;Gyor-Moson-Sopron;3938;3846;47.589;16.8772
15352;Nyergesujfalu;varos;Esztergomi;Komarom-Esztergom;3963;7292;47.7607;18.5544
15361;Hajmasker;kozseg;Veszpremi;Veszprem;3814;2830;47.1445;18.0143
15370;Etes;kozseg;Salgotarjani;Nograd;1580;1355;48.1099;19.7174
15389;Pecsdevecser;kozseg;Siklosi;Baranya;474;114;45.9593;18.3834
15398;Pirto;kozseg;Kiskunhalasi;Bacs-Kiskun;3450;888;46.5147;19.432
15404;Szuliman;kozseg;Szigetvari;Baranya;1049;217;46.1243;17.8105
15413;Pusztaradvany;kozseg;Encsi;Borsod-Abauj-Zemplen;714;235;48.4658;21.1348
15422;Rabatamasi;kozseg;Csornai;Gyor-Moson-Sopron;2177;954;47.5886;17.1697
15431;Petofiszallas;kozseg;Kiskunfelegyhazi;Bacs-Kiskun;6779;1402;46.6205;19.8615
15440;Szentendre;varos;Szentendrei;Pest;4382;26745;47.6678;19.076
15459;Regoly;kozseg;Tamasi;Tolna;6266;1078;46.5787;18.3905
15468;Nagyhuta;kozseg;Satoraljaujhelyi;Borsod-Abauj-Zemplen;3506;53;48.4286;21.4937
15477;Kismarja;kozseg;Derecskei;Hajdu-Bihar;4717;1217;47.2481;21.8221
15486;Kiszsidany;kozseg;Koszegi;Vas;493;80;47.4111;16.6389
15495;Basal;kozseg;Szigetvari;Baranya;404;159;46.0742;17.7823
15501;Bosarkany;nagykozseg;Csornai;Gyor-Moson-Sopron;2332;2151;47.6905;17.2494
15510;Koroshegy;kozseg;Siofoki;Somogy;2139;1294;46.8313;17.9005
15529;Per;kozseg;Gyori;Gyor-Moson-Sopron;3149;2517;47.6121;17.797
15538;Kovagoszolos;kozseg;Pecsi;Baranya;1825;1256;46.084;18.1238
15547;Penzesgyor;kozseg;Zirci;Veszprem;1765;335;47.2304;17.7871
15556;Sand;kozseg;Nagykanizsai;Zala;748;352;46.422;17.1242
15565;Balatonudvari;kozseg;Balatonfuredi;Veszprem;1880;319;46.9054;17.8048
15574;Nagykoru;kozseg;Szolnoki;Jasz-Nagykun-Szolnok;4281;1510;47.2732;20.4519
15583;Pusztazamor;kozseg;Erdi;Pest;927;1199;47.4025;18.7855
15592;Patosfa;kozseg;Barcsi;Somogy;1507;249;46.128;17.6663
15608;Gesztely;kozseg;Miskolci;Borsod-Abauj-Zemplen;2882;2572;48.1027;20.9649
15617;Zalkod;kozseg;Sarospataki;Borsod-Abauj-Zemplen;1021;206;48.1857;21.4572
15626;Somogysamson;kozseg;Marcali;Somogy;2177;673;46.5879;17.297
15635;Tarros;kozseg;Hegyhati;Baranya;529;99;46.2813;18.142
15644;Tiszacsege;varos;Balmazujvarosi;Hajdu-Bihar;13640;4515;47.6975;20.9936
15653;Gyorszemere;kozseg;Teti;Gyor-Moson-Sopron;3310;3274;47.5528;17.5623
15662;Abaujalpar;kozseg;Gonci;Borsod-Abauj-Zemplen;848;49;48.3068;21.2327
15671;Posfa;kozseg;Sarvari;Vas;535;252;47.3274;16.854
15680;Josvafo;kozseg;Putnoki;Borsod-Abauj-Zemplen;2155;212;48.4824;20.5525
15699;Csikeria;kozseg;Bacsalmasi;Bacs-Kiskun;2584;758;46.1262;19.4716
15705;Vilonya;kozseg;Varpalotai;Veszprem;1350;632;47.1102;18.0613
15714;Szarfold;kozseg;Kapuvari;Gyor-Moson-Sopron;1711;975;47.5943;17.1228
15723;Mesteri;kozseg;Celldomolki;Vas;1169;245;47.2255;17.0869
15732;Kaposujlak;kozseg;Kaposvari;Somogy;893;730;46.3668;17.7259
15741;Egyek;nagykozseg;Balmazujvarosi;Hajdu-Bihar;10474;4868;47.6315;20.8881
15750;Gant;kozseg;Bicskei;Fejer;5815;859;47.3909;18.3878
15769;Esztergalyhorvati;kozseg;Keszthelyi;Zala;1669;391;46.7006;17.1084
15778;Barnag;kozseg;Veszpremi;Veszprem;1201;125;46.9796;17.7471
15787;Tiszaors;kozseg;Tiszafuredi;Jasz-Nagykun-Szolnok;3710;1361;47.508;20.8201
15796;Ludas;kozseg;Gyongyosi;Heves;1079;732;47.7334;20.0928
15802;Nyirbeltek;nagykozseg;Nyirbatori;Szabolcs-Szatmar-Bereg;6218;2870;47.6998;22.1298
15811;Jaszboldoghaza;kozseg;Jaszberenyi;Jasz-Nagykun-Szolnok;5531;1693;47.3693;19.9971
15820;Felsonana;kozseg;Bonyhadi;Tolna;1891;595;46.4673;18.5288
15839;Hernadbud;kozseg;Gonci;Borsod-Abauj-Zemplen;591;118;48.2947;21.1356
15848;Zengovarkony;kozseg;Pecsvaradi;Baranya;1671;392;46.1706;18.4318
15857;Lak;kozseg;Edelenyi;Borsod-Abauj-Zemplen;1976;673;48.3486;20.8669
15866;Szentlorinc;varos;Szentlorinci;Baranya;2781;6184;46.0416;17.9889
15875;Dunaszentpal;kozseg;Gyori;Gyor-Moson-Sopron;981;729;47.7767;17.5071
15884;Dravatamasi;kozseg;Barcsi;Somogy;845;372;45.9399;17.5714
15893;Pacin;kozseg;Cigandi;Borsod-Abauj-Zemplen;3393;1394;48.3311;21.8331
15909;Nagocs;kozseg;Tabi;Somogy;2226;634;46.6629;17.9578
15918;Gyuro;kozseg;Martonvasari;Fejer;2437;1294;47.3708;18.7396
15927;Jako;kozseg;Kaposvari;Somogy;1669;622;46.3363;17.5526
15936;Gonc;varos;Gonci;Borsod-Abauj-Zemplen;3727;1972;48.4725;21.2726
15945;Sajomercse;kozseg;Putnoki;Borsod-Abauj-Zemplen;1118;194;48.2451;20.4132
15954;Cirak;kozseg;Kapuvari;Gyor-Moson-Sopron;1176;550;47.4782;17.03
15963;Balsa;kozseg;Ibranyi;Szabolcs-Szatmar-Bereg;2252;776;48.1729;21.5373
15972;Jeno;kozseg;Szekesfehervari;Fejer;556;1292;47.1058;18.2499
15981;Somogydorocske;kozseg;Tabi;Somogy;1083;126;46.5872;18.0063
15990;Daraboshegy;kozseg;Kormendi;Vas;459;92;46.959;16.5693
16009;Dotk;kozseg;Zalaszentgroti;Zala;172;48;46.9429;17.007
16018;Melykut;varos;Janoshalmai;Bacs-Kiskun;12347;4686;46.2152;19.3792
16027;Monyorod;kozseg;Bolyi;Baranya;712;147;46.0103;18.4771
16036;Kisnameny;kozseg;Fehergyarmati;Szabolcs-Szatmar-Bereg;1801;294;47.9554;22.6939
16045;Kunagota;kozseg;Mezokovacshazai;Bekes;6396;2462;46.4234;21.049
16054;Sajoszentpeter;varos;Kazincbarcikai;Borsod-Abauj-Zemplen;3485;11185;48.2184;20.7088
16063;Szajla;kozseg;Petervasarai;Heves;870;526;47.9615;20.1418
16072;Csajag;kozseg;Balatonalmadi;Veszprem;2229;834;47.0447;18.1859
16081;Kispali;kozseg;Zalaegerszegi;Zala;451;273;46.909;16.8283
16090;Atkar;kozseg;Gyongyosi;Heves;3376;1716;47.7196;19.8902
16106;Mesztegnyo;kozseg;Marcali;Somogy;4471;1295;46.5045;17.4239
16115;Pellerd;kozseg;Pecsi;Baranya;2093;2245;46.0349;18.1533
16124;Borsodgeszt;kozseg;Mezokovesdi;Borsod-Abauj-Zemplen;1506;262;47.9576;20.6932
16133;Rakacaszend;kozseg;Edelenyi;Borsod-Abauj-Zemplen;1571;298;48.4606;20.8382
16142;Kulsovat;kozseg;Papai;Veszprem;1931;904;47.2963;17.2257
16151;Dozmat;kozseg;Szombathelyi;Vas;854;260;47.2338;16.5144
16160;Tarnaszentmiklos;kozseg;Hevesi;Heves;3500;828;47.5287;20.3809
16179;Szogliget;kozseg;Edelenyi;Borsod-Abauj-Zemplen;3474;537;48.5237;20.6743
16188;Aszod;varos;Aszodi;Pest;1620;6201;47.6533;19.4747
16197;Ambrozfalva;kozseg;Makoi;Csongrad;1122;462;46.3495;20.7301
16203;Zahony;varos;Zahonyi;Szabolcs-Szatmar-Bereg;694;4212;48.4029;22.1788
16212;Tanakajd;kozseg;Szombathelyi;Vas;1182;685;47.1889;16.7345
16221;Lipot;kozseg;Mosonmagyarovari;Gyor-Moson-Sopron;1609;717;47.8613;17.4616
16230;Tiszaderzs;kozseg;Tiszafuredi;Jasz-Nagykun-Szolnok;2719;1037;47.5131;20.6423
16249;Kiscsehi;kozseg;Letenyei;Zala;1143;173;46.5212;16.6736
16258;Lad;kozseg;Barcsi;Somogy;2235;531;46.1396;17.6457
16267;Szentkiralyszabadja;kozseg;Veszpremi;Veszprem;2238;1913;47.0565;17.9705
16276;Ordas;kozseg;Kalocsai;Bacs-Kiskun;1631;416;46.6361;18.9493
16285;Mindszentgodisa;kozseg;Hegyhati;Baranya;2297;833;46.2295;18.0731
16294;Uszod;kozseg;Kalocsai;Bacs-Kiskun;2446;909;46.5698;18.9054
16300;Szamosker;kozseg;Mateszalkai;Szabolcs-Szatmar-Bereg;971;413;48.0176;22.4168
16319;Volcsej;kozseg;Soproni;Gyor-Moson-Sopron;932;398;47.498;16.763
16328;Felsotarkany;kozseg;Egri;Heves;7732;3528;47.972;20.4144
16346;Besnyo;kozseg;Dunaujvarosi;Fejer;4464;1729;47.1916;18.7935
16355;Szentlaszlo;kozseg;Szigetvari;Baranya;1406;733;46.1573;17.8356
16364;Kisvasarhely;kozseg;Zalaszentgroti;Zala;435;42;46.995;17.1987
16373;Csavoly;kozseg;Bajai;Bacs-Kiskun;4742;1671;46.1944;19.1441
16382;Totszentmarton;kozseg;Letenyei;Zala;1017;735;46.422;16.803
16391;Nagybarkany;kozseg;Salgotarjani;Nograd;884;657;47.9978;19.7017
16407;Totujfalu;kozseg;Barcsi;Somogy;1327;213;45.9029;17.6421
16416;Csaszar;kozseg;Kisberi;Komarom-Esztergom;6781;1866;47.5015;18.1393
16425;Alsopeteny;kozseg;Retsagi;Nograd;1968;557;47.8748;19.2449
16434;Totkomlos;varos;Oroshazi;Bekes;12505;5615;46.4115;20.7366
16443;Markoc;kozseg;Sellyei;Baranya;579;51;45.8631;17.7627
16452;Nagyvejke;kozseg;Bonyhadi;Tolna;777;149;46.3773;18.4445
16461;Berkesd;kozseg;Pecsi;Baranya;1904;820;46.0762;18.4085
16470;Balatonujlak;kozseg;Marcali;Somogy;1081;425;46.676;17.383
16489;Szapar;kozseg;Zirci;Veszprem;709;452;47.3172;18.0371
16498;Egyhazasharaszti;kozseg;Siklosi;Baranya;1099;310;45.8093;18.3343
16504;Szaknyer;kozseg;Kormendi;Vas;293;57;46.8643;16.5277
16513;Nagyrada;kozseg;Nagykanizsai;Zala;1285;470;46.6195;17.1183
16522;Nyirvasvari;kozseg;Nyirbatori;Szabolcs-Szatmar-Bereg;2842;1908;47.8194;22.1878
16531;Fuzvolgy;kozseg;Nagykanizsai;Zala;314;128;46.5224;16.9399
16540;Markaz;kozseg;Gyongyosi;Heves;2561;1778;47.8267;20.0548
16559;Komloska;kozseg;Sarospataki;Borsod-Abauj-Zemplen;2987;216;48.3408;21.4629
16568;Gorbehaza;kozseg;Hajdunanasi;Hajdu-Bihar;8021;2317;47.8188;21.238
16577;Imola;kozseg;Putnoki;Borsod-Abauj-Zemplen;1812;89;48.4201;20.5511
16595;Oroszi;kozseg;Devecseri;Veszprem;474;132;47.1547;17.4162
16601;Balatonszabadi;kozseg;Siofoki;Somogy;4134;2973;46.8913;18.1336
16610;Egercsehi;kozseg;Egri;Heves;1039;1235;48.0538;20.2555
16629;Magy;kozseg;Baktaloranthazai;Szabolcs-Szatmar-Bereg;2070;858;47.9404;21.9823
16638;Sajopetri;kozseg;Miskolci;Borsod-Abauj-Zemplen;928;1372;48.037;20.8903
16647;Fegyvernek;varos;Torokszentmiklosi;Jasz-Nagykun-Szolnok;7148;6104;47.2527;20.5259
16656;Vaszoly;kozseg;Balatonfuredi;Veszprem;855;258;46.9392;17.7592
16665;Kolcse;nagykozseg;Fehergyarmati;Szabolcs-Szatmar-Bereg;2824;1424;48.0512;22.7158
16674;Toltestava;kozseg;Gyori;Gyor-Moson-Sopron;2317;2564;47.6269;17.7342
16683;Kaloz;kozseg;Szekesfehervari;Fejer;4779;2303;46.9552;18.4824
16692;Szoc;kozseg;Ajkai;Veszprem;755;463;47.0219;17.5126
16708;Ecs;kozseg;Pannonhalmi;Gyor-Moson-Sopron;1985;2113;47.5612;17.7153
16717;Gic;kozseg;Papai;Veszprem;1968;360;47.4329;17.7524
16726;Hedrehely;kozseg;Kaposvari;Somogy;2551;333;46.1962;17.6523
16735;Tarany;kozseg;Nagyatadi;Somogy;5468;1116;46.1832;17.3019
16744;Bajna;kozseg;Esztergomi;Komarom-Esztergom;3727;1872;47.6553;18.5986
16753;Szalonna;kozseg;Edelenyi;Borsod-Abauj-Zemplen;2008;1031;48.4472;20.7394
16762;Vancsod;kozseg;Berettyoujfalui;Hajdu-Bihar;3443;1127;47.1954;21.6394
16771;Szekelyszabar;kozseg;Mohacsi;Baranya;1548;517;46.0457;18.6031
16780;Hejopapi;kozseg;Mezocsati;Borsod-Abauj-Zemplen;1702;1077;47.8976;20.9071
16799;Borsodszirak;kozseg;Edelenyi;Borsod-Abauj-Zemplen;1101;1149;48.2611;20.767
16805;Kekesd;kozseg;Pecsvaradi;Baranya;811;149;46.101;18.4727
16814;Szedres;kozseg;Szekszardi;Tolna;4631;2081;46.4744;18.6849
16823;Ordacsehi;kozseg;Fonyodi;Somogy;2256;761;46.7433;17.6241
16832;Koszeg;varos;Koszegi;Vas;5466;11865;47.3895;16.5407
16841;Csany;kozseg;Hatvani;Heves;4789;2079;47.6474;19.8301
16850;Porszombat;kozseg;Lenti;Zala;1552;255;46.7289;16.576
16869;Zsebehaza;kozseg;Csornai;Gyor-Moson-Sopron;465;141;47.5114;17.1914
16878;Hugyag;kozseg;Balassagyarmati;Nograd;1090;852;48.0872;19.4337
16887;Horvatzsidany;kozseg;Koszegi;Vas;1217;812;47.4109;16.6252
16896;Zalaigrice;kozseg;Zalaegerszegi;Zala;773;96;46.7469;17.0095
16902;Tornabarakony;kozseg;Edelenyi;Borsod-Abauj-Zemplen;819;10;48.4928;20.8202
16911;Kemeneskapolna;kozseg;Celldomolki;Vas;497;94;47.208;17.106
16920;Pusztaapati;kozseg;Lenti;Zala;1059;21;46.7633;16.6099
16939;Orgovany;kozseg;Kecskemeti;Bacs-Kiskun;9916;3406;46.7514;19.476
16948;Matyasdomb;kozseg;Enyingi;Fejer;3539;740;46.9228;18.3477
16957;Tornyospalca;kozseg;Kisvardai;Szabolcs-Szatmar-Bereg;4361;2668;48.2671;22.179
16966;Tiszasziget;kozseg;Szegedi;Csongrad;2688;1710;46.1749;20.1623
16975;Kisherend;kozseg;Pecsi;Baranya;692;173;45.9633;18.3319
16984;Szello;kozseg;Pecsvaradi;Baranya;596;138;46.0734;18.4603
16993;Furta;kozseg;Berettyoujfalui;Hajdu-Bihar;4286;1117;47.1295;21.4577
17002;Balatongyorok;kozseg;Keszthelyi;Zala;3759;1060;46.7616;17.3505
17011;Paloznak;kozseg;Balatonfuredi;Veszprem;880;475;46.9833;17.9409
17020;Bajansenye;kozseg;Kormendi;Vas;2185;477;46.8016;16.3841
17039;Tagyon;kozseg;Balatonfuredi;Veszprem;276;97;46.9024;17.6803
17048;Pusztafalu;kozseg;Satoraljaujhelyi;Borsod-Abauj-Zemplen;700;182;48.5467;21.4868
17057;Zalaveg;kozseg;Zalaszentgroti;Zala;1211;318;47.0061;17.0267
17066;Keresztete;kozseg;Encsi;Borsod-Abauj-Zemplen;397;25;48.4997;20.9504
17075;Jand;kozseg;Vasarosnamenyi;Szabolcs-Szatmar-Bereg;1654;750;48.1143;22.3727
17084;Peneszlek;kozseg;Nyirbatori;Szabolcs-Szatmar-Bereg;3692;980;47.635;22.1434
17093;Orfalu;kozseg;Szentgotthardi;Vas;694;75;46.8814;16.2665
17109;Fuzer;kozseg;Satoraljaujhelyi;Borsod-Abauj-Zemplen;3749;389;48.5381;21.456
17118;Resznek;kozseg;Lenti;Zala;1842;231;46.6619;16.4743
17127;Beleg;kozseg;Nagyatadi;Somogy;1799;558;46.3161;17.4106
17136;Hernadszentandras;kozseg;Encsi;Borsod-Abauj-Zemplen;704;418;48.2888;21.096
17145;Kenderes;varos;Karcagi;Jasz-Nagykun-Szolnok;11124;4220;47.2477;20.672
17154;Balatonszepezd;kozseg;Balatonfuredi;Veszprem;2506;364;46.8518;17.6638
17163;Tarnazsadany;kozseg;Hevesi;Heves;2519;1167;47.677;20.1616
17172;Dabronc;kozseg;Sumegi;Veszprem;2028;348;47.0319;17.1678
17181;Ecsed;kozseg;Hatvani;Heves;4160;3053;47.7323;19.7729
17190;Helesfa;kozseg;Szentlorinci;Baranya;987;488;46.0895;17.9759
17206;Nyiregyhaza;megyeszekhely;Nyiregyhazi;Szabolcs-Szatmar-Bereg;27454;116799;47.9558;21.7168
17215;Porcsalma;nagykozseg;Csengeri;Szabolcs-Szatmar-Bereg;3110;2736;47.8825;22.5683
17224;Petnehaza;kozseg;Baktaloranthazai;Szabolcs-Szatmar-Bereg;2420;1680;48.0572;22.0812
17233;Nagymagocs;nagykozseg;Szentesi;Csongrad;7509;2894;46.5835;20.4812
17242;Pogany;kozseg;Pecsi;Baranya;1155;1240;45.9841;18.2605
17251;Vargesztes;kozseg;Tatabanyai;Komarom-Esztergom;1204;759;47.4723;18.3971
17260;Rackeve;varos;Rackevei;Pest;6409;10605;47.161;18.9436
17279;Juta;kozseg;Kaposvari;Somogy;1923;1103;46.4061;17.7342
17288;Magyarszecsod;kozseg;Kormendi;Vas;1126;410;47.0364;16.6499
17297;Rabaszentmiklos;kozseg;Teti;Gyor-Moson-Sopron;501;138;47.5379;17.4171
17303;Tapiogyorgye;kozseg;Nagykatai;Pest;5331;3281;47.3341;19.952
17312;Szazhalombatta;varos;Erdi;Pest;2806;18082;47.3172;18.9121
17321;Taliandorogd;kozseg;Tapolcai;Veszprem;2808;737;46.9795;17.5688
17330;Kisber;varos;Kisberi;Komarom-Esztergom;5217;5359;47.4993;18.03
17349;Kiscsecs;kozseg;Tiszaujvarosi;Borsod-Abauj-Zemplen;413;189;47.966;21.0116
17358;Buzsak;kozseg;Fonyodi;Somogy;5968;1247;46.6487;17.5775
17367;Narai;kozseg;Szombathelyi;Vas;1599;1409;47.1934;16.5535
17376;Aba;varos;Szekesfehervari;Fejer;8805;4428;47.0292;18.5217
17385;Alsomocsolad;kozseg;Hegyhati;Baranya;1300;273;46.3131;18.245
17394;Geszt;kozseg;Sarkadi;Bekes;5139;744;46.8819;21.5807
17400;Zalaapati;kozseg;Keszthelyi;Zala;2342;1623;46.7392;17.1057
17419;Dravafok;kozseg;Sellyei;Baranya;2390;491;45.885;17.7637
17428;Rozsaly;kozseg;Fehergyarmati;Szabolcs-Szatmar-Bereg;1487;723;47.9232;22.8011
17437;Jasd;kozseg;Varpalotai;Veszprem;1028;687;47.2829;18.0262
17446;Keleviz;kozseg;Marcali;Somogy;491;337;46.5204;17.4216
17455;Kokad;kozseg;Derecskei;Hajdu-Bihar;1610;642;47.4055;21.9314
17464;Kasad;kozseg;Siklosi;Baranya;1329;264;45.7784;18.4006
17473;Hajduszovat;kozseg;Hajduszoboszloi;Hajdu-Bihar;5800;3044;47.3904;21.4751
17482;Ujbarok;kozseg;Bicskei;Fejer;149;444;47.4785;18.5579
17491;Zselicszentpal;kozseg;Kaposvari;Somogy;1035;392;46.3063;17.8214
17507;Romand;kozseg;Pannonhalmi;Gyor-Moson-Sopron;985;295;47.4473;17.7918
17516;Gaborjanhaza;kozseg;Lenti;Zala;507;70;46.6308;16.4198
17525;Polgardi;varos;Szekesfehervari;Fejer;7216;6955;47.0564;18.3068
17534;Gyongyoshalasz;kozseg;Gyongyosi;Heves;2713;2519;47.7395;19.9147
17543;Bocfolde;kozseg;Zalaegerszegi;Zala;868;1144;46.7789;16.844
17552;Mezofalva;nagykozseg;Dunaujvarosi;Fejer;8042;4585;46.9325;18.779
17561;Nemesvid;kozseg;Marcali;Somogy;1838;629;46.486;17.2475
17570;Lesencefalu;kozseg;Tapolcai;Veszprem;718;306;46.8448;17.3458
17589;Jarmi;kozseg;Mateszalkai;Szabolcs-Szatmar-Bereg;1237;1257;47.9714;22.2519
17598;Valko;nagykozseg;Godolloi;Pest;3759;2483;47.5642;19.51
17604;Liget;kozseg;Komloi;Baranya;1207;390;46.2361;18.1913
17613;Gombosszeg;kozseg;Zalaegerszegi;Zala;216;57;46.7557;16.7193
17622;Urhida;kozseg;Szekesfehervari;Fejer;725;2524;47.1327;18.3346
17631;Siofok;varos;Siofoki;Somogy;12466;25708;46.9072;18.0542
17640;Keszohidegkut;kozseg;Tamasi;Tolna;1033;174;46.6105;18.4226
17659;Egyhazasdengeleg;kozseg;Pasztoi;Nograd;1574;407;47.7976;19.559
17668;Vacratot;kozseg;Vaci;Pest;1809;1963;47.7094;19.2363
17677;Lajosmizse;varos;Kecskemeti;Bacs-Kiskun;16466;11317;47.0265;19.5583
17686;Agasegyhaza;kozseg;Kecskemeti;Bacs-Kiskun;5587;1889;46.8402;19.4468
17695;Tiszasuly;kozseg;Szolnoki;Jasz-Nagykun-Szolnok;9177;1451;47.3891;20.3877
17710;Kisdorog;kozseg;Bonyhadi;Tolna;2000;700;46.3888;18.4969
17729;Szarvaskend;kozseg;Kormendi;Vas;1034;204;46.9888;16.6766
17738;Igar;kozseg;Sarbogardi;Fejer;4119;863;46.776;18.5145
17747;Zador;kozseg;Szigetvari;Baranya;1522;311;45.9606;17.6594
17756;Demecser;varos;Kemecsei;Szabolcs-Szatmar-Bereg;3698;4041;48.1137;21.9252
17765;Zsombo;nagykozseg;Morahalmi;Csongrad;2689;3328;46.3298;19.972
17774;Pusztavam;kozseg;Mori;Fejer;3469;2501;47.4293;18.228
17783;Mogyorod;nagykozseg;Godolloi;Pest;3448;7017;47.5987;19.2384
17792;Patapoklosi;kozseg;Szigetvari;Baranya;1265;319;46.0734;17.7481
17808;Ujszilvas;kozseg;Cegledi;Pest;3898;2530;47.2697;19.9142
17817;Tiszabecs;nagykozseg;Fehergyarmati;Szabolcs-Szatmar-Bereg;1714;1439;48.0958;22.8118
17826;Mandok;varos;Zahonyi;Szabolcs-Szatmar-Bereg;2891;3953;48.3221;22.1901
17835;Fazekasboda;kozseg;Pecsvaradi;Baranya;702;177;46.123;18.4847
17844;Tikos;kozseg;Marcali;Somogy;335;138;46.6356;17.288
17853;Szilvagy;kozseg;Lenti;Zala;2427;187;46.7336;16.6276
17862;Pusztaberki;kozseg;Retsagi;Nograd;685;143;47.9766;19.1636
17871;Lesencetomaj;kozseg;Tapolcai;Veszprem;2408;1069;46.8566;17.3612
17880;Vasarosfalu;kozseg;Kapuvari;Gyor-Moson-Sopron;420;153;47.4548;17.1179
17899;Kolked;kozseg;Mohacsi;Baranya;6194;1035;45.9482;18.7031
17905;Hegyeshalom;nagykozseg;Mosonmagyarovari;Gyor-Moson-Sopron;5266;3555;47.9145;17.1558
17914;Felsonyek;kozseg;Tamasi;Tolna;3202;974;46.7892;18.2915
17923;Jakabszallas;kozseg;Kecskemeti;Bacs-Kiskun;7086;2615;46.7615;19.6008
17932;Fony;kozseg;Gonci;Borsod-Abauj-Zemplen;4056;293;48.391;21.2842
17941;Nagyatad;varos;Nagyatadi;Somogy;7060;10014;46.2291;17.3571
17950;Furged;kozseg;Tamasi;Tolna;2676;692;46.7212;18.3121
17969;Gyaloka;kozseg;Soproni;Gyor-Moson-Sopron;393;67;47.4432;16.6961
17978;Jaszdozsa;kozseg;Jaszapati;Jasz-Nagykun-Szolnok;4286;2070;47.5663;20.0157
17987;Andornaktalya;kozseg;Egri;Heves;1675;2570;47.8436;20.4126
17996;Rabatottos;kozseg;Szombathelyi;Vas;648;202;47.1322;16.8087
18005;Szamosangyalos;kozseg;Csengeri;Szabolcs-Szatmar-Bereg;804;927;47.8728;22.6544
18023;Nemesrado;kozseg;Zalaegerszegi;Zala;1402;303;46.7781;16.9942
18032;Hegyhatszentjakab;kozseg;Kormendi;Vas;947;247;46.8682;16.5473
18041;Karmacs;kozseg;Keszthelyi;Zala;1422;798;46.8365;17.174
18050;Samod;kozseg;Sellyei;Baranya;620;177;45.8547;18.0372
18078;Somogyfajsz;kozseg;Kaposvari;Somogy;1826;529;46.5023;17.5687
18096;Zalaszentjakab;kozseg;Nagykanizsai;Zala;701;266;46.4876;17.1297
18102;Battonya;varos;Mezokovacshazai;Bekes;14571;5516;46.2859;21.0219
18111;Nagycsany;kozseg;Sellyei;Baranya;565;127;45.8709;17.9438
18120;Bolho;kozseg;Barcsi;Somogy;2507;692;46.0392;17.2954
18139;Acsteszer;kozseg;Kisberi;Komarom-Esztergom;1771;710;47.406;18.0057
18148;Kotcse;kozseg;Siofoki;Somogy;1954;471;46.7519;17.8602
18157;Tatabanya;megyeszekhely;Tatabanyai;Komarom-Esztergom;9142;65845;47.5838;18.398
18166;Keleshalom;kozseg;Janoshalmai;Bacs-Kiskun;6163;445;46.3657;19.2823
18175;Gaborjan;kozseg;Berettyoujfalui;Hajdu-Bihar;2646;855;47.2399;21.6577
18184;Baktakek;kozseg;Encsi;Borsod-Abauj-Zemplen;1879;745;48.3636;21.0276
18193;Goganfa;kozseg;Sumegi;Veszprem;1317;779;47.0215;17.1864
18209;Jaszbereny;varos;Jaszberenyi;Jasz-Nagykun-Szolnok;22135;27439;47.5031;19.9118
18218;Soltszentimre;kozseg;Kiskorosi;Bacs-Kiskun;4449;1296;46.7711;19.2869
18227;Kaposmero;kozseg;Kaposvari;Somogy;1398;2388;46.3613;17.7055
18236;Nemeske;kozseg;Szigetvari;Baranya;1057;205;46.0205;17.7155
18245;Taktaharkany;nagykozseg;Szerencsi;Borsod-Abauj-Zemplen;3913;3577;48.088;21.1324
18254;Bodajk;varos;Mori;Fejer;2898;3987;47.3227;18.2331
18263;Szarazd;kozseg;Tamasi;Tolna;779;254;46.57;18.4261
18272;Csep;kozseg;Kisberi;Komarom-Esztergom;2004;324;47.5779;18.063
18281;Kiskore;varos;Hevesi;Heves;6842;2810;47.4995;20.4925
18290;Nyirkarasz;kozseg;Kisvardai;Szabolcs-Szatmar-Bereg;4143;2222;48.0969;22.1002
18306;Tokaj;varos;Tokaji;Borsod-Abauj-Zemplen;2820;3966;48.1236;21.4114
18315;Gyod;kozseg;Pecsi;Baranya;325;689;46.0017;18.1782
18324;Vasarosnameny;varos;Vasarosnamenyi;Szabolcs-Szatmar-Bereg;6567;8515;48.1268;22.3126
18333;Gilvanfa;kozseg;Sellyei;Baranya;1543;338;45.9188;17.9609
18342;Veresegyhaz;varos;Godolloi;Pest;2856;19275;47.6552;19.2869
18351;Uppony;kozseg;Ozdi;Borsod-Abauj-Zemplen;1281;228;48.2135;20.4372
18360;Becsvolgye;kozseg;Zalaegerszegi;Zala;2140;750;46.7593;16.6813
18379;Mezonagymihaly;kozseg;Mezokovesdi;Borsod-Abauj-Zemplen;6186;982;47.8106;20.731
18388;Nagydorog;nagykozseg;Paksi;Tolna;4144;2506;46.6231;18.6579
18397;Dany;kozseg;Godolloi;Pest;4301;4513;47.5222;19.5508
18403;Hegyko;kozseg;Soproni;Gyor-Moson-Sopron;2680;1745;47.6217;16.7941
18412;Varbalog;kozseg;Mosonmagyarovari;Gyor-Moson-Sopron;2270;353;47.834;17.0706
18421;Keszthely;varos;Keszthelyi;Zala;7598;19289;46.7675;17.2463
18430;Velemer;kozseg;Kormendi;Vas;955;66;46.7389;16.3633
18449;Zalaszentmihaly;kozseg;Zalaegerszegi;Zala;2084;845;46.7296;16.9494
18458;Harta;nagykozseg;Kalocsai;Bacs-Kiskun;12968;3233;46.6947;19.0277
18467;Berekboszormeny;kozseg;Berettyoujfalui;Hajdu-Bihar;4284;1826;47.065;21.6836
18476;Csevharaszt;kozseg;Monori;Pest;4924;1990;47.2996;19.4326
18485;Mor;varos;Mori;Fejer;10861;13885;47.372;18.209
18494;Garab;kozseg;Pasztoi;Nograd;820;47;47.9777;19.6384
18500;Marcali;varos;Marcali;Somogy;10440;11142;46.5833;17.4123
18519;Vejti;kozseg;Sellyei;Baranya;976;144;45.8096;17.9644
18528;Eperjeske;kozseg;Zahonyi;Szabolcs-Szatmar-Bereg;1358;1208;48.3452;22.212
18537;Sajopalfala;kozseg;Miskolci;Borsod-Abauj-Zemplen;711;694;48.1615;20.8454
18546;Somogyszob;kozseg;Nagyatadi;Somogy;4008;1443;46.293;17.2968
18555;Olasz;kozseg;Bolyi;Baranya;1029;627;46.0152;18.4118
18564;Zalaszentbalazs;kozseg;Nagykanizsai;Zala;2099;801;46.5879;16.9187
18573;Acsa;kozseg;Vaci;Pest;2694;1384;47.7925;19.3863
18582;Turony;kozseg;Siklosi;Baranya;940;242;45.9038;18.2318
18591;Vaja;varos;Mateszalkai;Szabolcs-Szatmar-Bereg;2861;3552;47.9991;22.1715
18607;Szegerdo;kozseg;Marcali;Somogy;546;199;46.6347;17.2781
18616;Dunakeszi;varos;Dunakeszi;Pest;3106;43604;47.6317;19.1294
18625;Karancsalja;kozseg;Salgotarjani;Nograd;1254;1485;48.1337;19.7519
18634;Hacs;kozseg;Fonyodi;Somogy;2128;341;46.646;17.6874
18643;Goncruszka;kozseg;Gonci;Borsod-Abauj-Zemplen;1670;668;48.4496;21.2418
18652;Szentgyorgyvolgy;kozseg;Lenti;Zala;2958;366;46.7246;16.4108
18661;Ozdfalu;kozseg;Sellyei;Baranya;800;145;45.929;18.022
18670;Pahi;kozseg;Kiskorosi;Bacs-Kiskun;3896;1145;46.7131;19.3865
18689;Penc;kozseg;Vaci;Pest;2134;1573;47.8024;19.2514
18698;Bazakerettye;kozseg;Letenyei;Zala;803;753;46.5243;16.7285
18704;Erdosmecske;kozseg;Pecsvaradi;Baranya;2644;307;46.1727;18.5136
18722;Kupa;kozseg;Szikszoi;Borsod-Abauj-Zemplen;784;166;48.3314;20.9139
18731;Pilisszentkereszt;kozseg;Szentendrei;Pest;1721;2164;47.6931;18.9024
18740;Szabadhidveg;kozseg;Enyingi;Fejer;4410;842;46.8228;18.281
18759;Hajos;varos;Kalocsai;Bacs-Kiskun;8992;2811;46.3983;19.1172
18768;Zalakoveskut;kozseg;Keszthelyi;Zala;227;24;46.8481;17.1432
18777;Bernecebarati;kozseg;Szobi;Pest;3769;847;48.0382;18.914
18786;Szugy;kozseg;Balassagyarmati;Nograd;1950;1379;48.0355;19.3239
18795;Darno;kozseg;Fehergyarmati;Szabolcs-Szatmar-Bereg;464;136;47.958;22.6603
18801;Tornanadaska;kozseg;Edelenyi;Borsod-Abauj-Zemplen;783;752;48.5601;20.786
18810;Noszvaj;kozseg;Egri;Heves;1884;2101;47.937;20.4754
18829;Alsorajk;kozseg;Nagykanizsai;Zala;845;312;46.6537;16.9968
18838;Kisdombegyhaz;kozseg;Mezokovacshazai;Bekes;1261;419;46.3704;21.0987
18847;Mezosas;kozseg;Berettyoujfalui;Hajdu-Bihar;2639;604;47.1106;21.568
18856;Lokut;kozseg;Zirci;Veszprem;1811;425;47.2066;17.8625
18865;Luzsok;kozseg;Sellyei;Baranya;652;221;45.8378;17.9435
18874;Mateszalka;varos;Mateszalkai;Szabolcs-Szatmar-Bereg;4140;16387;47.9539;22.3208
18883;Salkoveskut;kozseg;Szombathelyi;Vas;1320;469;47.2951;16.6952
18892;Szomolya;kozseg;Mezokovesdi;Borsod-Abauj-Zemplen;2269;1538;47.8923;20.4939
18908;Kisasszonyfa;kozseg;Sellyei;Baranya;887;189;45.9466;18.0075
18917;Murga;kozseg;Bonyhadi;Tolna;659;57;46.4608;18.4879
18926;Csolnok;kozseg;Esztergomi;Komarom-Esztergom;1871;3044;47.6946;18.7176
18935;Tarjan;kozseg;Tatabanyai;Komarom-Esztergom;4307;2682;47.6088;18.5063
18944;Boldogkoujfalu;kozseg;Gonci;Borsod-Abauj-Zemplen;1098;594;48.3184;21.2411
18953;Ozmanbuk;kozseg;Zalaegerszegi;Zala;669;201;46.9242;16.6709
18962;Kaposszekcso;kozseg;Dombovari;Tolna;1562;1457;46.3297;18.13
18971;Fehergyarmat;varos;Fehergyarmati;Szabolcs-Szatmar-Bereg;5246;7898;47.9851;22.5168
18980;Fadd;nagykozseg;Tolnai;Tolna;6754;3986;46.4664;18.8253
18999;Ferencszallas;kozseg;Szegedi;Csongrad;579;587;46.2168;20.3528
19008;Belvardgyula;kozseg;Bolyi;Baranya;1723;365;45.9729;18.4327
19017;Visnye;kozseg;Kaposvari;Somogy;2438;216;46.1913;17.6767
19026;Pusztakovacsi;kozseg;Marcali;Somogy;4338;791;46.5304;17.574
19035;Tet;varos;Teti;Gyor-Moson-Sopron;5635;4169;47.516;17.5167
19044;Szurdokpuspoki;kozseg;Pasztoi;Nograd;2670;1813;47.8525;19.6956
19053;Kisasszond;kozseg;Kaposvari;Somogy;784;173;46.331;17.6414
19062;Arpadhalom;kozseg;Szentesi;Csongrad;4520;483;46.6177;20.5506
19080;Sojtor;kozseg;Zalaegerszegi;Zala;3617;1431;46.6701;16.8537
19099;Szentpeterszeg;kozseg;Berettyoujfalui;Hajdu-Bihar;2551;1091;47.2366;21.6204
19105;Zubogy;kozseg;Putnoki;Borsod-Abauj-Zemplen;1143;482;48.3803;20.5749
19114;Lovasbereny;kozseg;Szekesfehervari;Fejer;6062;2598;47.31;18.5527
19123;Gyongyossolymos;kozseg;Gyongyosi;Heves;6485;2733;47.8169;19.9332
19132;Katoly;kozseg;Pecsvaradi;Baranya;875;261;46.0611;18.451
19141;Kamond;kozseg;Devecseri;Veszprem;2050;415;47.1483;17.2034
19150;Homokszentgyorgy;kozseg;Barcsi;Somogy;4964;1018;46.116;17.569
19169;Szabolcs;kozseg;Nyiregyhazi;Szabolcs-Szatmar-Bereg;588;405;48.1718;21.4955
19178;Petrikeresztur;kozseg;Zalaegerszegi;Zala;877;354;46.7361;16.7243
19187;Fityehaz;kozseg;Nagykanizsai;Zala;650;639;46.375;16.9059
19196;Nagyvazsony;kozseg;Veszpremi;Veszprem;7629;1791;46.9835;17.6985
19202;Duzs;kozseg;Tamasi;Tolna;1127;231;46.4922;18.3803
19211;Nabrad;kozseg;Fehergyarmati;Szabolcs-Szatmar-Bereg;1767;928;48.0053;22.4464
19220;Ricse;nagykozseg;Cigandi;Borsod-Abauj-Zemplen;2475;1760;48.3232;21.9724
19239;Level;kozseg;Mosonmagyarovari;Gyor-Moson-Sopron;2492;2005;47.8931;17.1999
19248;Tesa;kozseg;Szobi;Pest;438;75;48.033;18.8417
19257;Okany;kozseg;Sarkadi;Bekes;7062;2377;46.8975;21.3495
19266;Szil;kozseg;Csornai;Gyor-Moson-Sopron;3102;1334;47.5013;17.232
19275;Ziliz;kozseg;Edelenyi;Borsod-Abauj-Zemplen;926;366;48.2515;20.7918
19284;Ciko;kozseg;Bonyhadi;Tolna;1986;815;46.2537;18.5591
19293;Galvacs;kozseg;Edelenyi;Borsod-Abauj-Zemplen;1504;86;48.4194;20.7779
19309;Gyorsovenyhaz;kozseg;Gyori;Gyor-Moson-Sopron;2421;834;47.6901;17.3738
19318;Osagard;kozseg;Retsagi;Nograd;1092;317;47.8579;19.1954
19327;Borota;kozseg;Janoshalmai;Bacs-Kiskun;8180;1271;46.2657;19.2232
19336;Veszpremgalsa;kozseg;Sumegi;Veszprem;871;259;47.0929;17.2669
19345;Ketvolgy;kozseg;Szentgotthardi;Vas;628;86;46.8837;16.2236
19354;Perkata;nagykozseg;Dunaujvarosi;Fejer;7452;3923;47.048;18.7901
19363;Babolna;varos;Komaromi;Komarom-Esztergom;3355;3860;47.6422;17.9787
19372;Matranovak;kozseg;Batonyterenyei;Nograd;2697;1704;48.0388;19.9814
19381;Tiszaladany;kozseg;Tokaji;Borsod-Abauj-Zemplen;2219;635;48.065;21.4137
19390;Belmegyer;kozseg;Bekesi;Bekes;6305;901;46.872;21.179
19406;Bukkmogyorosd;kozseg;Ozdi;Borsod-Abauj-Zemplen;990;127;48.1286;20.3549
19415;Pecs;megyeszekhely;Pecsi;Baranya;16277;142873;46.0766;18.228
19424;Kisar;kozseg;Fehergyarmati;Szabolcs-Szatmar-Bereg;1543;1105;48.0571;22.5153
19433;Mezokovesd;varos;Mezokovesdi;Borsod-Abauj-Zemplen;10049;16072;47.8098;20.5661
19442;Somogyvar;kozseg;Fonyodi;Somogy;5299;1586;46.5799;17.6524
19451;Kutaso;kozseg;Pasztoi;Nograd;605;96;47.9476;19.5414
19460;Balatonendred;kozseg;Siofoki;Somogy;4002;1281;46.8362;17.9766
19479;Kustanszeg;kozseg;Zalaegerszegi;Zala;1142;426;46.7853;16.6799
19488;Csehi;kozseg;Vasvari;Vas;934;231;47.0368;16.9436
19497;Nogradsipek;kozseg;Szecsenyi;Nograd;2013;655;48.0086;19.5009
19503;Galgaheviz;kozseg;Aszodi;Pest;3118;2535;47.6223;19.5558
19512;Alsonemesapati;kozseg;Zalaegerszegi;Zala;1451;669;46.8539;16.9352
19521;Szoce;kozseg;Kormendi;Vas;1871;281;46.8879;16.5698
19530;Szakmar;kozseg;Kalocsai;Bacs-Kiskun;7464;1220;46.5554;19.0759
19549;Szar;kozseg;Bicskei;Fejer;2263;1719;47.4788;18.5185
19558;Gyugye;kozseg;Fehergyarmati;Szabolcs-Szatmar-Bereg;433;241;47.9224;22.5692
19567;Pely;kozseg;Hevesi;Heves;9030;1360;47.4917;20.3416
19576;Krasznokvajda;kozseg;Encsi;Borsod-Abauj-Zemplen;1144;465;48.47;20.9701
19585;Pincehely;nagykozseg;Tamasi;Tolna;5009;2124;46.682;18.4398
19594;Pusztaottlaka;kozseg;Mezokovacshazai;Bekes;1887;322;46.5417;21.0062
19600;Makkoshotyka;kozseg;Sarospataki;Borsod-Abauj-Zemplen;1041;810;48.3564;21.5186
19619;Iharos;kozseg;Csurgoi;Somogy;2268;450;46.3383;17.096
19628;Mezobereny;varos;Bekesi;Bekes;11853;9809;46.824;21.0291
19637;Pali;kozseg;Csornai;Gyor-Moson-Sopron;1958;414;47.4748;17.1662
19646;Ofalu;kozseg;Pecsvaradi;Baranya;985;349;46.2208;18.5302
19655;Mariapocs;varos;Nyirbatori;Szabolcs-Szatmar-Bereg;2209;2046;47.8793;22.0259
19664;Alsodobsza;kozseg;Szerencsi;Borsod-Abauj-Zemplen;1068;274;48.1805;21.0003
19673;Ujker;kozseg;Soproni;Gyor-Moson-Sopron;3238;1010;47.4631;16.8145
19682;Ujlengyel;kozseg;Dabasi;Pest;2625;1688;47.2323;19.4443
19691;Tetetlen;kozseg;Puspokladanyi;Hajdu-Bihar;3211;1368;47.3137;21.3041
19707;Buj;kozseg;Ibranyi;Szabolcs-Szatmar-Bereg;3276;2246;48.0991;21.6465
19716;Nagykoros;varos;Nagykorosi;Pest;22794;23517;47.0374;19.7863
19725;Versend;kozseg;Bolyi;Baranya;1413;919;45.9954;18.5125
19734;Kemeneshogyesz;kozseg;Papai;Veszprem;2608;477;47.355;17.2982
19743;Olaszfa;kozseg;Vasvari;Vas;1654;370;47.0135;16.8841
19752;Nyalka;kozseg;Pannonhalmi;Gyor-Moson-Sopron;1286;463;47.5438;17.8081
19761;Kerkaskapolna;kozseg;Kormendi;Vas;920;65;46.7848;16.4272
19770;Osztopan;kozseg;Kaposvari;Somogy;2283;766;46.5184;17.6689
19789;Kecel;varos;Kiskorosi;Bacs-Kiskun;11448;8376;46.5238;19.2533
19798;Szalmatercs;kozseg;Szecsenyi;Nograd;758;415;48.122;19.6376
19813;Ketpo;kozseg;Mezoturi;Jasz-Nagykun-Szolnok;6676;663;47.0743;20.4821
19831;Szilagy;kozseg;Pecsi;Baranya;1155;252;46.102;18.4061
19840;Hernadvecse;kozseg;Encsi;Borsod-Abauj-Zemplen;1694;1105;48.4417;21.1687
19859;Nemespatro;kozseg;Nagykanizsai;Zala;1225;245;46.3238;17.0023
19868;Papadereske;kozseg;Papai;Veszprem;575;266;47.2925;17.4002
19877;Nagypall;kozseg;Pecsvaradi;Baranya;713;338;46.1448;18.4572
19886;Vachartyan;kozseg;Vaci;Pest;1211;1779;47.727;19.2537
19895;Hernyek;kozseg;Lenti;Zala;1031;68;46.6497;16.642
19901;Csanyoszro;kozseg;Sellyei;Baranya;2856;597;45.8812;17.9074
19910;Kiskassa;kozseg;Siklosi;Baranya;1333;219;45.9532;18.3975
19929;Bokahaza;kozseg;Keszthelyi;Zala;670;251;46.7736;17.106
19938;Pusztahencse;kozseg;Paksi;Tolna;3171;931;46.5943;18.7141
19947;Szalkszentmarton;kozseg;Kunszentmiklosi;Bacs-Kiskun;8208;2778;46.9755;19.0133
19956;Biharkeresztes;varos;Berettyoujfalui;Hajdu-Bihar;4926;4050;47.1313;21.7192
19965;Matraballa;kozseg;Petervasarai;Heves;2636;756;47.9831;20.0199
19974;Fabiansebestyen;kozseg;Szentesi;Csongrad;7173;1913;46.6738;20.4506
19983;Soltvadkert;varos;Kiskorosi;Bacs-Kiskun;10886;7259;46.582;19.3943
19992;Kemecse;varos;Kemecsei;Szabolcs-Szatmar-Bereg;3894;4777;48.0678;21.7987
20002;Csakvar;varos;Bicskei;Fejer;11876;5339;47.3918;18.4641
20011;Bagamer;nagykozseg;Nyiradonyi;Hajdu-Bihar;4702;2498;47.4455;21.9919
20039;Getye;kozseg;Keszthelyi;Zala;666;86;46.7629;17.0696
20048;Barna;kozseg;Salgotarjani;Nograd;1539;973;48.1006;19.9338
20057;Somogyegres;kozseg;Tabi;Somogy;1081;152;46.6758;18.0267
20066;Nyarsapat;kozseg;Nagykorosi;Pest;5403;1881;47.1012;19.8017
20075;Matramindszent;kozseg;Batonyterenyei;Nograd;1673;786;47.9803;19.9324
20084;Kemenesszentmarton;kozseg;Celldomolki;Vas;429;195;47.2936;17.1634
20093;Torokkoppany;kozseg;Tabi;Somogy;2580;468;46.6014;18.0506
20109;Koszegszerdahely;kozseg;Koszegi;Vas;737;472;47.3406;16.5157
20118;Erk;kozseg;Hevesi;Heves;2168;914;47.6094;20.0764
20127;Tata;varos;Tatai;Komarom-Esztergom;7811;23441;47.6501;18.3181
20136;Rabasebes;kozseg;Csornai;Gyor-Moson-Sopron;539;72;47.4401;17.241
20145;Csesztve;kozseg;Balassagyarmati;Nograd;1625;327;48.0144;19.2776
20154;Daka;kozseg;Papai;Veszprem;2540;621;47.2868;17.4277
20163;Naszaly;kozseg;Tatai;Komarom-Esztergom;3022;2329;47.698;18.2635
20172;Tiszabezded;kozseg;Zahonyi;Szabolcs-Szatmar-Bereg;1864;1781;48.3622;22.1526
20181;Tiszaroff;kozseg;Kunhegyesi;Jasz-Nagykun-Szolnok;5249;1522;47.398;20.4383
20190;Lucfalva;kozseg;Salgotarjani;Nograd;1410;586;48.0308;19.6906
20206;Seregelyes;nagykozseg;Szekesfehervari;Fejer;7819;4245;47.1116;18.5786
20215;Paradsasvar;kozseg;Petervasarai;Heves;1694;332;47.9121;19.9781
20233;Jakfalva;kozseg;Putnoki;Borsod-Abauj-Zemplen;906;460;48.333;20.5712
20242;Hered;kozseg;Hatvani;Heves;1396;1808;47.7044;19.6336
20251;Csehbanya;kozseg;Ajkai;Veszprem;1283;305;47.1818;17.6842
20260;Tivadar;kozseg;Fehergyarmati;Szabolcs-Szatmar-Bereg;480;179;48.0636;22.5136
20279;Vemend;kozseg;Mohacsi;Baranya;3181;1315;46.1569;18.6173
20288;Egyed;kozseg;Csornai;Gyor-Moson-Sopron;1343;488;47.5217;17.3379
20297;Kiskunfelegyhaza;varos;Kiskunfelegyhazi;Bacs-Kiskun;25630;29306;46.7113;19.8503
20303;Apagy;kozseg;Nyiregyhazi;Szabolcs-Szatmar-Bereg;3199;2361;47.9594;21.9348
20312;Kiskutas;kozseg;Zalaegerszegi;Zala;469;172;46.9122;16.7952
20321;Rinyaujnep;kozseg;Barcsi;Somogy;828;48;46.0793;17.3528
20330;Somogygeszti;kozseg;Kaposvari;Somogy;2171;387;46.5195;17.7836
20349;Vashosszufalu;kozseg;Sarvari;Vas;1392;342;47.1127;17.0597
20358;Eloszallas;nagykozseg;Dunaujvarosi;Fejer;3998;2207;46.8316;18.8219
20367;Pornoapati;kozseg;Szombathelyi;Vas;1514;354;47.1561;16.4659
20376;Almaskeresztur;kozseg;Szigetvari;Baranya;1303;75;46.1196;17.8945
20385;Merges;kozseg;Teti;Gyor-Moson-Sopron;651;107;47.6024;17.4426
20394;Vasasszonyfa;kozseg;Szombathelyi;Vas;1065;364;47.3124;16.6719
20400;Gyomore;kozseg;Teti;Gyor-Moson-Sopron;2049;1246;47.5007;17.5647
20419;Ujleta;kozseg;Nyiradonyi;Hajdu-Bihar;3042;1119;47.4625;21.8767
20428;Szeleveny;kozseg;Kunszentmartoni;Jasz-Nagykun-Szolnok;4539;1022;46.8035;20.1973
20437;Magyarpolany;kozseg;Ajkai;Veszprem;2697;1241;47.1685;17.5468
20446;Tiszainoka;kozseg;Kunszentmartoni;Jasz-Nagykun-Szolnok;1792;378;46.9061;20.1522
20455;Csanadapaca;kozseg;Oroshazi;Bekes;5130;2366;46.5402;20.8846
20464;Baranyahidveg;kozseg;Sellyei;Baranya;849;165;45.8462;18.0238
20473;Kaposvar;megyeszekhely;Kaposvari;Somogy;11359;61441;46.3565;17.7887
20482;Alsoberecki;kozseg;Satoraljaujhelyi;Borsod-Abauj-Zemplen;686;713;48.345;21.6874
20491;Eger;megyeszekhely;Egri;Heves;9221;52898;47.899;20.3744
20507;Kurd;kozseg;Dombovari;Tolna;3119;1021;46.449;18.3161
20516;Sarazsadany;kozseg;Sarospataki;Borsod-Abauj-Zemplen;1531;227;48.2634;21.4942
20525;Tass;kozseg;Kunszentmiklosi;Bacs-Kiskun;7473;2702;47.0201;19.0322
20534;Dunavarsany;varos;Szigetszentmiklosi;Pest;2252;8341;47.279;19.0661
20543;Szalapa;kozseg;Zalaszentgroti;Zala;452;183;46.9916;17.1455
20552;Kiralyegyhaza;kozseg;Szentlorinci;Baranya;2289;874;45.9969;17.9686
20561;Ujireg;kozseg;Tamasi;Tolna;1090;273;46.6574;18.1734
20570;Tes;kozseg;Varpalotai;Veszprem;4903;777;47.2579;18.0305
20589;Nagykapornak;kozseg;Zalaegerszegi;Zala;2441;864;46.8182;16.9927
20598;Nagycsepely;kozseg;Siofoki;Somogy;1980;359;46.7498;17.8346
20604;Ikreny;kozseg;Gyori;Gyor-Moson-Sopron;1558;1876;47.654;17.5292
20613;Bucsuszentlaszlo;kozseg;Zalaegerszegi;Zala;154;749;46.7882;16.9308
20622;Rinyaujlak;kozseg;Barcsi;Somogy;2426;266;46.086;17.4188
20640;Cegledbercel;kozseg;Cegledi;Pest;2815;4261;47.215;19.6786
20659;Marok;kozseg;Siklosi;Baranya;1593;400;45.8781;18.5045
20668;Matyus;kozseg;Vasarosnamenyi;Szabolcs-Szatmar-Bereg;1103;308;48.2832;22.2823
20677;Beregsurany;kozseg;Vasarosnamenyi;Szabolcs-Szatmar-Bereg;1601;961;48.1616;22.5481
20686;Okorag;kozseg;Sellyei;Baranya;1185;154;45.9261;17.8748
20695;Doborhegy;kozseg;Kormendi;Vas;1175;112;46.9912;16.7023
20701;Moragy;kozseg;Bonyhadi;Tolna;1761;709;46.2158;18.643
20710;Bedegker;kozseg;Tabi;Somogy;2600;357;46.651;18.0601
20729;Balatonfenyves;kozseg;Fonyodi;Somogy;5193;1754;46.7177;17.4945
20738;Sajovamos;kozseg;Miskolci;Borsod-Abauj-Zemplen;3122;2021;48.1819;20.8321
20747;Feldebro;kozseg;Egri;Heves;2652;920;47.813;20.2329
20756;Hidegkut;kozseg;Veszpremi;Veszprem;1358;429;47.0012;17.8285
20765;Medgyesbodzas;kozseg;Mezokovacshazai;Bekes;3167;1010;46.5182;20.9602
20774;Csobaj;kozseg;Tokaji;Borsod-Abauj-Zemplen;1961;656;48.0481;21.3402
20783;Simontornya;varos;Tamasi;Tolna;3383;3839;46.757;18.5435
20792;Und;kozseg;Soproni;Gyor-Moson-Sopron;679;319;47.4882;16.694
20817;Sarszentlorinc;kozseg;Paksi;Tolna;4669;965;46.6261;18.6066
20826;Zanka;kozseg;Balatonfuredi;Veszprem;1955;788;46.8729;17.6834
20835;Orbanyosfa;kozseg;Zalaegerszegi;Zala;567;97;46.8499;16.9836
20844;Lacacseke;kozseg;Cigandi;Borsod-Abauj-Zemplen;1625;285;48.3685;21.9932
20853;Urkut;kozseg;Ajkai;Veszprem;2013;1950;47.0825;17.6437
20862;Sarok;kozseg;Mohacsi;Baranya;462;120;45.8413;18.6127
20871;Szin;kozseg;Edelenyi;Borsod-Abauj-Zemplen;1810;838;48.4969;20.6606
20880;Hosszupereszteg;kozseg;Sarvari;Vas;3700;629;47.0955;17.0232
20899;Boda;kozseg;Szentlorinci;Baranya;1542;388;46.0809;18.0478
20905;Mike;kozseg;Kaposvari;Somogy;3241;571;46.242;17.533
20914;Nagyer;kozseg;Makoi;Csongrad;1229;501;46.3704;20.7292
20923;Kisigmand;kozseg;Komaromi;Komarom-Esztergom;1314;482;47.6537;18.0986
20932;Szakonyfalu;kozseg;Szentgotthardi;Vas;1119;357;46.9262;16.2278
20941;Kistolmacs;kozseg;Letenyei;Zala;1220;166;46.4853;16.7528
20950;Belsosard;kozseg;Lenti;Zala;979;96;46.6426;16.4716
20969;Gibart;kozseg;Gonci;Borsod-Abauj-Zemplen;533;309;48.3158;21.1602
20978;Teseny;kozseg;Sellyei;Baranya;1208;286;45.9489;18.048
20987;Tarkany;kozseg;Kisberi;Komarom-Esztergom;6494;1348;47.5901;18.0018
20996;Kemenespalfa;kozseg;Celldomolki;Vas;1372;361;47.1368;17.1738
21005;Tordas;kozseg;Martonvasari;Fejer;1676;2138;47.3446;18.7527
21014;Molnari;kozseg;Letenyei;Zala;1286;686;46.3852;16.8315
21023;Hegyszentmarton;kozseg;Sellyei;Baranya;1878;367;45.9037;18.0903
21032;Alsozsolca;varos;Miskolci;Borsod-Abauj-Zemplen;2602;5619;48.0703;20.882
21041;Karancslapujto;kozseg;Salgotarjani;Nograd;1935;2423;48.1527;19.7361
21050;Pokaszepetk;kozseg;Zalaegerszegi;Zala;1869;926;46.9257;16.9685
21069;Dunaegyhaza;kozseg;Kunszentmiklosi;Bacs-Kiskun;1012;1410;46.8366;18.9536
21078;Dunaszeg;kozseg;Gyori;Gyor-Moson-Sopron;1726;2174;47.7696;17.5401
21087;Vizsoly;kozseg;Gonci;Borsod-Abauj-Zemplen;1840;797;48.385;21.2169
21096;Pecsudvard;kozseg;Pecsi;Baranya;843;798;46.0097;18.2763
21102;Nagyloc;kozseg;Szecsenyi;Nograd;3912;1496;48.0354;19.5726
21111;Jaszladany;nagykozseg;Jaszapati;Jasz-Nagykun-Szolnok;9273;5451;47.3649;20.1654
21120;Szentkiraly;kozseg;Tiszakecskei;Bacs-Kiskun;10189;1857;46.9188;19.9181
21139;Borzonce;kozseg;Nagykanizsai;Zala;560;53;46.5791;16.8877
21148;Apostag;kozseg;Kunszentmiklosi;Bacs-Kiskun;3194;1995;46.8832;18.9673
21157;Vezseny;kozseg;Szolnoki;Jasz-Nagykun-Szolnok;2517;593;47.0336;20.2199
21175;Balatonfured;varos;Balatonfuredi;Veszprem;4645;12800;46.9567;17.8889
21184;Koppanyszanto;kozseg;Tamasi;Tolna;2255;272;46.5929;18.1118
21193;Radostyan;kozseg;Miskolci;Borsod-Abauj-Zemplen;810;552;48.1801;20.6503
21209;Lokoshaza;kozseg;Gyulai;Bekes;5202;1663;46.4298;21.2307
21218;Karcsa;kozseg;Cigandi;Borsod-Abauj-Zemplen;4369;1795;48.3114;21.793
21227;Beszterec;kozseg;Kemecsei;Szabolcs-Szatmar-Bereg;1159;953;48.1567;21.8383
21236;Homrogd;kozseg;Szikszoi;Borsod-Abauj-Zemplen;1343;860;48.2819;20.9133
21245;Sukosd;nagykozseg;Bajai;Bacs-Kiskun;9418;3434;46.2864;18.9958
21254;Szentpeterfa;kozseg;Szombathelyi;Vas;3124;1016;47.092;16.4804
21263;Babosdobrete;kozseg;Zalaegerszegi;Zala;1252;475;46.814;16.7796
21272;Prugy;kozseg;Szerencsi;Borsod-Abauj-Zemplen;3139;2398;48.0833;21.2437
21281;Somogyviszlo;kozseg;Szigetvari;Baranya;1263;235;46.1127;17.765
21290;Laskod;kozseg;Baktaloranthazai;Szabolcs-Szatmar-Bereg;1359;901;48.0545;22.0417
21306;Sarvar;varos;Sarvari;Vas;6465;15226;47.2517;16.9342
21315;Csurgo;varos;Csurgoi;Somogy;5942;4629;46.2643;17.0951
21324;Balatonszentgyorgy;kozseg;Marcali;Somogy;2368;1547;46.6922;17.3
21333;Istvandi;kozseg;Barcsi;Somogy;3030;517;46.02;17.622
21342;Kajaszo;kozseg;Martonvasari;Fejer;2398;1074;47.3265;18.7218
21351;Szikszo;varos;Szikszoi;Borsod-Abauj-Zemplen;3623;5231;48.2015;20.9275
21360;Udvari;kozseg;Tamasi;Tolna;1944;319;46.593;18.511
21379;Kisbucsa;kozseg;Zalaegerszegi;Zala;879;436;46.8154;16.9421
21388;Puspokhatvan;kozseg;Vaci;Pest;2472;1400;47.7759;19.3661
21397;Sumegcsehi;kozseg;Zalaszentgroti;Zala;1743;593;46.9426;17.2178
21403;Nagypirit;kozseg;Devecseri;Veszprem;1017;232;47.2003;17.2254
21412;Ulles;nagykozseg;Morahalmi;Csongrad;4993;2954;46.3371;19.8486
21421;Szomor;kozseg;Tatabanyai;Komarom-Esztergom;1319;1059;47.5919;18.6642
21430;Veszpremfajsz;kozseg;Veszpremi;Veszprem;1174;255;47.0364;17.8957
21449;Nagyberki;kozseg;Kaposvari;Somogy;2174;1441;46.3575;18.0074
21458;Szada;nagykozseg;Godolloi;Pest;1672;5650;47.6363;19.3117
21467;Toalmas;kozseg;Nagykatai;Pest;3940;3445;47.5096;19.6637
21476;Felsorajk;kozseg;Nagykanizsai;Zala;2054;723;46.681;16.9863
21485;Nagydobos;kozseg;Mateszalkai;Szabolcs-Szatmar-Bereg;2693;2294;48.0527;22.3052
21494;Tiszasas;kozseg;Kunszentmartoni;Jasz-Nagykun-Szolnok;2879;1015;46.8211;20.08
21500;Kalocfa;kozseg;Lenti;Zala;1021;148;46.7564;16.561
21519;Pecsbagota;kozseg;Szentlorinci;Baranya;607;106;45.9908;18.073
21528;Harkany;varos;Siklosi;Baranya;2569;4632;45.8478;18.236
21537;Uraiujfalu;kozseg;Sarvari;Vas;1908;844;47.3712;16.984
21546;Mucsony;nagykozseg;Kazincbarcikai;Borsod-Abauj-Zemplen;1755;2888;48.2698;20.6803
21555;Mindszent;varos;Hodmezovasarhelyi;Csongrad;5935;6401;46.524;20.186
21564;Girincs;kozseg;Tiszaujvarosi;Borsod-Abauj-Zemplen;1120;866;47.9698;20.9846
21573;Retkozberencs;kozseg;Kisvardai;Szabolcs-Szatmar-Bereg;1580;1109;48.2044;22.0112
21582;Ersekvadkert;kozseg;Balassagyarmati;Nograd;5537;3476;47.9961;19.1989
21591;Csebeny;kozseg;Szigetvari;Baranya;376;87;46.1888;17.925
21607;Papasalamon;kozseg;Papai;Veszprem;1396;344;47.2296;17.4222
21616;Kislippo;kozseg;Siklosi;Baranya;837;284;45.8293;18.5349
21625;Zomba;kozseg;Bonyhadi;Tolna;5730;1926;46.4108;18.5659
21634;Szirak;kozseg;Pasztoi;Nograd;1909;1187;47.8286;19.5301
21643;Zsedeny;kozseg;Sarvari;Vas;643;216;47.3406;16.9047
21652;Nagybajom;varos;Kaposvari;Somogy;10806;3374;46.3936;17.5117
21661;Zabar;kozseg;Salgotarjani;Nograd;1817;422;48.1349;20.0437
21670;Sajokapolna;kozseg;Miskolci;Borsod-Abauj-Zemplen;1051;373;48.1954;20.6849
21689;Nagyivan;kozseg;Tiszafuredi;Jasz-Nagykun-Szolnok;4316;1135;47.486;20.9328
21698;Dravasztara;kozseg;Sellyei;Baranya;1818;389;45.8256;17.8227
21704;Old;kozseg;Siklosi;Baranya;1407;331;45.7889;18.3517
21713;Sulysap;varos;Nagykatai;Pest;4719;8641;47.4543;19.5215
21722;Zagyvaszanto;kozseg;Hatvani;Heves;952;1907;47.7756;19.6705
21731;Kety;kozseg;Bonyhadi;Tolna;1651;710;46.4406;18.5226
21740;Tarcal;kozseg;Tokaji;Borsod-Abauj-Zemplen;5372;2808;48.1298;21.3456
21759;Nemesszalok;kozseg;Papai;Veszprem;2056;834;47.2744;17.3016
21768;Megyaszo;kozseg;Szerencsi;Borsod-Abauj-Zemplen;5342;2614;48.1874;21.0542
21777;Vanyola;kozseg;Papai;Veszprem;1951;520;47.385;17.597
21786;Pazmand;kozseg;Gardonyi;Fejer;2714;2210;47.2836;18.6566
21795;Erdotarcsa;kozseg;Pasztoi;Nograd;1507;460;47.7618;19.5428
21801;Ravazd;kozseg;Pannonhalmi;Gyor-Moson-Sopron;2855;1215;47.5167;17.7527
21810;Varbo;kozseg;Miskolci;Borsod-Abauj-Zemplen;2588;1050;48.1623;20.6195
21829;Hernadkercs;kozseg;Szikszoi;Borsod-Abauj-Zemplen;741;294;48.2419;21.0486
21838;Hegyhatszentmarton;kozseg;Kormendi;Vas;1274;59;46.935;16.48
21847;Peteri;kozseg;Monori;Pest;1189;2387;47.3881;19.4108
21856;Somogyvamos;kozseg;Fonyodi;Somogy;2502;713;46.569;17.6829
21865;Darnozseli;kozseg;Mosonmagyarovari;Gyor-Moson-Sopron;1961;1587;47.8505;17.4269
21874;Piliscsev;kozseg;Esztergomi;Komarom-Esztergom;2491;2399;47.6734;18.8185
21883;Szeghalom;varos;Szeghalmi;Bekes;21713;8566;47.0213;21.1694
21892;Bogadmindszent;kozseg;Sellyei;Baranya;1158;414;45.9063;18.0452
21908;Csokako;kozseg;Mori;Fejer;1092;1447;47.3564;18.2758
21917;Dor;kozseg;Csornai;Gyor-Moson-Sopron;1101;744;47.5979;17.2987
21926;Kapolnasnyek;kozseg;Gardonyi;Fejer;4150;3822;47.2375;18.6723
21935;Cserhathalap;kozseg;Balassagyarmati;Nograd;1047;342;47.9822;19.3755
21944;Akaszto;kozseg;Kiskorosi;Bacs-Kiskun;6488;3221;46.691;19.2064
21953;Banreve;kozseg;Putnoki;Borsod-Abauj-Zemplen;662;1220;48.2971;20.3556
21962;Lesenceistvand;kozseg;Tapolcai;Veszprem;1738;951;46.8703;17.361
21971;Tapszentmiklos;kozseg;Pannonhalmi;Gyor-Moson-Sopron;2075;938;47.4945;17.851
21980;Mihalyi;kozseg;Kapuvari;Gyor-Moson-Sopron;1628;1031;47.5158;17.095
21999;Izsak;varos;Kiskorosi;Bacs-Kiskun;11376;5515;46.8009;19.3595
22008;Tortel;kozseg;Cegledi;Pest;8416;4243;47.1225;19.9386
22017;Szamosbecs;kozseg;Csengeri;Szabolcs-Szatmar-Bereg;671;373;47.8619;22.6899
22026;Fono;kozseg;Kaposvari;Somogy;1061;248;46.4004;17.9534
22035;Zsambok;kozseg;Godolloi;Pest;2335;2411;47.5431;19.6066
22044;Olmod;kozseg;Koszegi;Vas;366;116;47.4143;16.5897
22053;Szabolcsbaka;kozseg;Kisvardai;Szabolcs-Szatmar-Bereg;1984;1094;48.1572;22.1396
22062;Bakonypeterd;kozseg;Pannonhalmi;Gyor-Moson-Sopron;1002;267;47.4654;17.7975
22071;Veleny;kozseg;Szentlorinci;Baranya;709;100;45.9803;18.0494
22080;Kerkakutas;kozseg;Lenti;Zala;2007;99;46.7594;16.5056
22099;Bukkszentmarton;kozseg;Belapatfalvai;Heves;826;249;48.0707;20.3279
22105;Jaszarokszallas;varos;Jaszberenyi;Jasz-Nagykun-Szolnok;7717;7691;47.6445;19.9787
22114;Szigetujfalu;kozseg;Rackevei;Pest;1083;2004;47.2332;18.9235
22123;Fulokercs;kozseg;Encsi;Borsod-Abauj-Zemplen;1860;392;48.4298;21.106
22132;Dombiratos;kozseg;Mezokovacshazai;Bekes;1830;500;46.4196;21.118
22141;Mikekaracsonyfa;kozseg;Lenti;Zala;850;304;46.6604;16.6937
22150;Fulop;kozseg;Nyiradonyi;Hajdu-Bihar;5595;1739;47.5991;22.0563
22169;Szentistvan;nagykozseg;Mezokovesdi;Borsod-Abauj-Zemplen;5107;2350;47.7715;20.6633
22178;Nagykutas;kozseg;Zalaegerszegi;Zala;845;415;46.9264;16.8018
22187;Hejce;kozseg;Gonci;Borsod-Abauj-Zemplen;952;184;48.4241;21.2807
22196;Poroszlo;kozseg;Fuzesabonyi;Heves;10904;2813;47.6436;20.6561
22202;Jaszapati;varos;Jaszapati;Jasz-Nagykun-Szolnok;7816;8299;47.5137;20.1404
22211;Szoke;kozseg;Pecsi;Baranya;648;125;45.9601;18.1858
22220;Marcalto;kozseg;Papai;Veszprem;2209;727;47.4346;17.3665
22239;Botpalad;kozseg;Fehergyarmati;Szabolcs-Szatmar-Bereg;1650;862;48.0293;22.8059
22248;Pand;kozseg;Monori;Pest;2221;1905;47.3507;19.6327
22257;Szalanta;kozseg;Pecsi;Baranya;1708;1149;45.9473;18.2374
22266;Pocsa;kozseg;Bolyi;Baranya;805;149;45.9094;18.4704
22275;Bakoca;kozseg;Hegyhati;Baranya;1065;266;46.2072;17.9998
22284;Ofeherto;kozseg;Baktaloranthazai;Szabolcs-Szatmar-Bereg;4317;2509;47.9356;22.0343
22293;Csanytelek;kozseg;Csongradi;Csongrad;3471;2413;46.6089;20.1016
22309;Hatvan;varos;Hatvani;Heves;6631;20228;47.6684;19.6744
22318;Nyoger;kozseg;Sarvari;Vas;1073;345;47.1816;16.9377
22327;Badacsonytomaj;varos;Tapolcai;Veszprem;3271;2067;46.8058;17.5147
22336;Komlodtotfalu;kozseg;Csengeri;Szabolcs-Szatmar-Bereg;697;102;47.8439;22.703
22345;Kemence;kozseg;Szobi;Pest;4275;922;48.0171;18.8916
22354;Boconad;kozseg;Hevesi;Heves;2956;1257;47.6421;20.1873
22372;Nagyigmand;nagykozseg;Komaromi;Komarom-Esztergom;5135;2834;47.635;18.0762
22381;Bakonyszombathely;kozseg;Kisberi;Komarom-Esztergom;3652;1364;47.4703;17.9625
22390;Csonge;kozseg;Celldomolki;Vas;2527;377;47.3521;17.0655
22406;Hajdunanas;varos;Hajdunanasi;Hajdu-Bihar;25964;16644;47.8452;21.4279
22415;Fenyeslitke;kozseg;Kisvardai;Szabolcs-Szatmar-Bereg;2515;2357;48.2709;22.0991
22424;Tormas;kozseg;Hegyhati;Baranya;2470;250;46.2291;17.9905
22433;Kocsola;kozseg;Dombovari;Tolna;3334;1236;46.528;18.1771
22442;Edve;kozseg;Kapuvari;Gyor-Moson-Sopron;505;84;47.4553;17.1343
22451;Pecsely;kozseg;Balatonfuredi;Veszprem;2001;538;46.9551;17.7864
22460;Kisfuzes;kozseg;Petervasarai;Heves;481;110;47.9883;20.1275
22479;Sajolaszlofalva;kozseg;Miskolci;Borsod-Abauj-Zemplen;662;428;48.185;20.675
22488;Verseg;kozseg;Aszodi;Pest;2957;1283;47.7224;19.5487
22497;Ormandlak;kozseg;Zalaegerszegi;Zala;575;98;46.7596;16.7553
22503;Erdohorvati;kozseg;Sarospataki;Borsod-Abauj-Zemplen;5011;597;48.3148;21.4275
22512;Monoszlo;kozseg;Balatonfuredi;Veszprem;746;92;46.9029;17.6407
22521;Balajt;kozseg;Edelenyi;Borsod-Abauj-Zemplen;903;495;48.3211;20.7881
22530;Kerekegyhaza;varos;Kecskemeti;Bacs-Kiskun;8128;6563;46.9359;19.4825
22549;Alsoszolnok;kozseg;Szentgotthardi;Vas;1002;337;46.9274;16.202
22558;Onga;varos;Miskolci;Borsod-Abauj-Zemplen;3149;4787;48.1207;20.9129
22567;Kunhegyes;varos;Kunhegyesi;Jasz-Nagykun-Szolnok;14893;7383;47.3699;20.6318
22576;Csonkamindszent;kozseg;Szentlorinci;Baranya;553;142;46.052;17.9665
22585;Vasad;kozseg;Monori;Pest;3341;1945;47.3222;19.4007
22594;Cserhatsurany;kozseg;Balassagyarmati;Nograd;1880;779;47.9775;19.4264
22600;Magyarszek;kozseg;Komloi;Baranya;1386;952;46.1954;18.1962
22619;Szomod;kozseg;Tatai;Komarom-Esztergom;2839;2121;47.6825;18.3424
22628;Onod;kozseg;Miskolci;Borsod-Abauj-Zemplen;1774;2283;48.0011;20.9144
22637;Mariahalom;kozseg;Esztergomi;Komarom-Esztergom;1085;573;47.6278;18.709
22646;Felgyo;kozseg;Csongradi;Csongrad;7673;1161;46.6647;20.113
22655;Erdokurt;kozseg;Pasztoi;Nograd;2172;494;47.7734;19.4585
22664;Gyongyosmellek;kozseg;Szigetvari;Baranya;1002;276;45.9868;17.7021
22673;Bonnya;kozseg;Tabi;Somogy;1462;217;46.5946;17.9012
22682;Letkes;kozseg;Szobi;Pest;2455;1111;47.8853;18.7769
22691;Veszpremvarsany;kozseg;Pannonhalmi;Gyor-Moson-Sopron;2118;1049;47.4255;17.8325
22707;Fonyed;kozseg;Marcali;Somogy;573;65;46.6311;17.2583
22716;Kemestarodfa;kozseg;Kormendi;Vas;635;204;46.9964;16.5178
22725;Alsoujlak;kozseg;Vasvari;Vas;2102;577;47.0822;16.8531
22734;Dravapalkonya;kozseg;Siklosi;Baranya;1013;256;45.8035;18.1797
22743;Nagycserkesz;kozseg;Nyiregyhazi;Szabolcs-Szatmar-Bereg;4147;1651;47.9641;21.5534
22752;Kaszaper;kozseg;Mezokovacshazai;Bekes;3357;1772;46.4578;20.8232
22761;Szekszard;megyeszekhely;Szekszardi;Tolna;9628;31795;46.3485;18.7017
22770;Tiszabura;kozseg;Kunhegyesi;Jasz-Nagykun-Szolnok;4520;2934;47.4466;20.4578
22789;Tiszaszentimre;kozseg;Tiszafuredi;Jasz-Nagykun-Szolnok;6561;1954;47.4914;20.7234
22798;Jaszkiser;varos;Jaszapati;Jasz-Nagykun-Szolnok;13011;5092;47.4594;20.2158
22804;Csomor;nagykozseg;Godolloi;Pest;2270;9779;47.5489;19.2242
22813;Bakonyszentkiraly;kozseg;Zirci;Veszprem;2790;829;47.3639;17.8826
22822;Balatonszemes;kozseg;Siofoki;Somogy;3602;1679;46.806;17.779
22831;Petohaza;kozseg;Soproni;Gyor-Moson-Sopron;264;1065;47.5974;16.8933
22840;Kisgyor;kozseg;Miskolci;Borsod-Abauj-Zemplen;7113;1605;48.0103;20.6887
22859;Janoshida;kozseg;Jaszapati;Jasz-Nagykun-Szolnok;3479;2401;47.3839;20.0566
22868;Kisbudmer;kozseg;Bolyi;Baranya;572;101;45.9131;18.4469
22877;Bode;kozseg;Zalaegerszegi;Zala;917;257;46.836;16.7173
22886;Kisbajcs;kozseg;Gyori;Gyor-Moson-Sopron;874;914;47.7453;17.6812
22901;Beb;kozseg;Papai;Veszprem;704;258;47.344;17.6007
22910;Dag;kozseg;Esztergomi;Komarom-Esztergom;1189;909;47.6622;18.7201
22929;Jaszago;kozseg;Jaszberenyi;Jasz-Nagykun-Szolnok;3693;678;47.5923;19.8545
22938;Cibakhaza;nagykozseg;Kunszentmartoni;Jasz-Nagykun-Szolnok;3821;3787;46.959;20.2062
22947;Zalaszabar;kozseg;Nagykanizsai;Zala;1695;494;46.6411;17.1123
22956;Korlat;kozseg;Gonci;Borsod-Abauj-Zemplen;791;282;48.3786;21.2456
22965;Kacorlak;kozseg;Nagykanizsai;Zala;760;193;46.5738;16.9541
22974;Lippo;kozseg;Mohacsi;Baranya;1453;464;45.8645;18.5695
22983;Sotony;kozseg;Sarvari;Vas;1493;636;47.1962;16.9484
22992;Eperjes;kozseg;Szentesi;Csongrad;7389;486;46.7093;20.5602
23001;Kisszolos;kozseg;Devecseri;Veszprem;649;134;47.1978;17.3307
23010;Ukk;kozseg;Sumegi;Veszprem;1387;320;47.0437;17.2141
23029;Rudabanya;varos;Kazincbarcikai;Borsod-Abauj-Zemplen;1646;2309;48.3738;20.6225
23038;Nyaregyhaza;kozseg;Monori;Pest;3201;3754;47.2627;19.5026
23047;Szecsenke;kozseg;Balassagyarmati;Nograd;978;194;47.9057;19.3324
23056;Nyarlorinc;kozseg;Kecskemeti;Bacs-Kiskun;6636;2359;46.8605;19.8741
23065;Oroshaza;varos;Oroshazi;Bekes;20222;27236;46.5603;20.6693
23074;Horvathertelend;kozseg;Szigetvari;Baranya;536;39;46.1769;17.9275
23083;Pusztavacs;kozseg;Dabasi;Pest;7907;1333;47.1739;19.4981
23092;Siojut;kozseg;Siofoki;Somogy;1073;613;46.8794;18.1388
23108;Pankasz;kozseg;Kormendi;Vas;927;451;46.8382;16.4996
23117;Polgar;varos;Hajdunanasi;Hajdu-Bihar;9744;8044;47.8708;21.1141
23126;Szentgyorgyvar;kozseg;Keszthelyi;Zala;1165;286;46.7569;17.1309
23135;Jasztelek;kozseg;Jaszberenyi;Jasz-Nagykun-Szolnok;4115;1564;47.4814;20.0023
23144;Becsehely;kozseg;Letenyei;Zala;3607;1956;46.4476;16.7917
23153;Bakonykuti;kozseg;Szekesfehervari;Fejer;1245;168;47.2455;18.198
23162;Bukkosd;kozseg;Szentlorinci;Baranya;3015;1041;46.111;17.9946
23171;Kunmadaras;nagykozseg;Karcagi;Jasz-Nagykun-Szolnok;15355;5180;47.4285;20.7953
23180;Nagyesztergar;kozseg;Zirci;Veszprem;1829;1098;47.2767;17.9051
23199;Alsonemedi;nagykozseg;Gyali;Pest;4907;5336;47.3147;19.1657
23205;Siklosbodony;kozseg;Siklosi;Baranya;433;150;45.9116;18.1226
23214;Teglas;varos;Hajduhadhazi;Hajdu-Bihar;3833;6235;47.7157;21.6746
23223;Alsoregmec;kozseg;Satoraljaujhelyi;Borsod-Abauj-Zemplen;1540;188;48.4653;21.6172
23241;Adacs;kozseg;Gyongyosi;Heves;3794;2603;47.6915;19.9752
23250;Fabianhaza;kozseg;Mateszalkai;Szabolcs-Szatmar-Bereg;2735;1721;47.8484;22.3545
23269;Nyirmeggyes;kozseg;Mateszalkai;Szabolcs-Szatmar-Bereg;2879;2629;47.9137;22.2641
23278;Budaors;varos;Budakeszi;Pest;2359;28899;47.46;18.9542
23287;Felsoszolnok;kozseg;Szentgotthardi;Vas;2356;565;46.8781;16.1654
23296;Kapospula;kozseg;Dombovari;Tolna;1980;858;46.3757;18.0973
23302;Gyenesdias;nagykozseg;Keszthelyi;Zala;1850;3641;46.7725;17.286
23311;Pusztaszemes;kozseg;Siofoki;Somogy;1039;346;46.766;17.9255
23320;Nemescso;kozseg;Koszegi;Vas;738;275;47.3506;16.6166
23339;Jaszfenyszaru;varos;Jaszberenyi;Jasz-Nagykun-Szolnok;7616;6168;47.5692;19.7168
23348;Tarnamera;kozseg;Hevesi;Heves;2826;1613;47.6523;20.155
23357;Madaras;kozseg;Bacsalmasi;Bacs-Kiskun;4931;2598;46.0571;19.2599
23375;Hidegseg;kozseg;Soproni;Gyor-Moson-Sopron;1682;449;47.6252;16.7414
23384;Almashaza;kozseg;Zalaegerszegi;Zala;498;75;46.8425;17.0473
23393;Ujiraz;kozseg;Berettyoujfalui;Hajdu-Bihar;1547;472;46.985;21.3534
23409;Nagytarcsa;kozseg;Godolloi;Pest;1214;5044;47.5268;19.2835
23418;Sima;kozseg;Gonci;Borsod-Abauj-Zemplen;488;30;48.2986;21.3021
23427;Hantos;kozseg;Sarbogardi;Fejer;3696;962;46.9949;18.6991
23436;Csatar;kozseg;Zalaegerszegi;Zala;779;547;46.7769;16.8638
23445;Zarank;kozseg;Hevesi;Heves;1453;460;47.6429;20.1032
23454;Kovagoors;kozseg;Tapolcai;Veszprem;2209;681;46.849;17.6016
23463;Budakalasz;varos;Szentendrei;Pest;1517;11160;47.6193;19.0469
23472;Somberek;kozseg;Mohacsi;Baranya;3142;1300;46.0809;18.66
23481;Pasztori;kozseg;Csornai;Gyor-Moson-Sopron;852;385;47.5573;17.2726
23490;Many;kozseg;Bicskei;Fejer;4472;2432;47.5299;18.6564
23506;Pisko;kozseg;Sellyei;Baranya;1155;233;45.8105;17.9352
23515;Porva;kozseg;Zirci;Veszprem;2813;453;47.3081;17.8151
23524;Tiszalok;varos;Tiszavasvari;Szabolcs-Szatmar-Bereg;5873;5228;48.0172;21.375
23533;Felsovadasz;kozseg;Szikszoi;Borsod-Abauj-Zemplen;1864;523;48.3712;20.9159
23542;Magyarlukafa;kozseg;Szigetvari;Baranya;1297;68;46.1677;17.7569
23551;Nagyacsad;kozseg;Papai;Veszprem;1396;622;47.3659;17.3726
23560;Mezolak;kozseg;Papai;Veszprem;2158;987;47.3291;17.3713
23579;Jaszfelsoszentgyorgy;kozseg;Jaszberenyi;Jasz-Nagykun-Szolnok;3928;1857;47.5086;19.7927
23588;Nagyveleg;kozseg;Mori;Fejer;1317;668;47.3598;18.1099
23597;Zalaszegvar;kozseg;Sumegi;Veszprem;684;131;47.0981;17.224
23603;Ercsi;varos;Martonvasari;Fejer;6531;8065;47.252;18.8984
23612;Komoro;kozseg;Fehergyarmati;Szabolcs-Szatmar-Bereg;1637;614;48.029;22.5915
23630;Mernye;kozseg;Kaposvari;Somogy;2593;1214;46.5087;17.82
23649;God;varos;Dunakeszi;Pest;2444;19871;47.6834;19.1342
23658;Herend;varos;Veszpremi;Veszprem;1956;3349;47.1328;17.7523
23676;Balastya;kozseg;Kisteleki;Csongrad;11000;3337;46.4208;20.0141
23685;Patyod;kozseg;Csengeri;Szabolcs-Szatmar-Bereg;910;633;47.8687;22.6152
23694;Sarbogard;varos;Sarbogardi;Fejer;18933;11821;46.8874;18.6196
23700;Kiscsosz;kozseg;Devecseri;Veszprem;904;83;47.1959;17.2798
23719;Gelej;kozseg;Mezocsati;Borsod-Abauj-Zemplen;3212;591;47.83;20.7733
23728;Kotaj;kozseg;Nyiregyhazi;Szabolcs-Szatmar-Bereg;2593;4491;48.0479;21.7099
23737;Bodroghalom;kozseg;Cigandi;Borsod-Abauj-Zemplen;2686;1331;48.3036;21.7049
23746;Bakonybel;kozseg;Zirci;Veszprem;2436;1203;47.2551;17.728
23755;Semjen;kozseg;Cigandi;Borsod-Abauj-Zemplen;784;497;48.3503;21.9713
23764;Pale;kozseg;Hegyhati;Baranya;215;91;46.262;18.0747
23773;Pereszteg;kozseg;Soproni;Gyor-Moson-Sopron;2251;1460;47.5932;16.7352
23782;Sajopuspoki;kozseg;Putnoki;Borsod-Abauj-Zemplen;945;450;48.28;20.342
23791;Kalazno;kozseg;Tamasi;Tolna;1835;125;46.5015;18.4745
23807;Somogyapati;kozseg;Szigetvari;Baranya;1070;469;46.0921;17.7495
23816;Csempeszkopacs;kozseg;Szombathelyi;Vas;540;318;47.155;16.8053
23825;Retsag;varos;Retsagi;Nograd;1981;2702;47.9303;19.1376
23834;Zalahashagy;kozseg;Zalaegerszegi;Zala;1213;356;46.8918;16.6261
23843;Gyoro;kozseg;Kapuvari;Gyor-Moson-Sopron;1164;379;47.4907;17.0214
23852;Aszar;kozseg;Kisberi;Komarom-Esztergom;1868;1694;47.5093;18.0045
23861;Ratot;kozseg;Szentgotthardi;Vas;727;225;46.9644;16.4264
23870;Szarvas;varos;Szarvasi;Bekes;16157;15606;46.8621;20.5521
23889;Sonkad;kozseg;Fehergyarmati;Szabolcs-Szatmar-Bereg;1981;790;48.0546;22.7477
23898;Rezi;kozseg;Keszthelyi;Zala;2977;1242;46.8418;17.2196
23904;Gyugy;kozseg;Fonyodi;Somogy;1531;300;46.6923;17.6821
23913;Obudavar;kozseg;Balatonfuredi;Veszprem;323;41;46.9379;17.6908
23922;Bakonyszentivan;kozseg;Papai;Veszprem;914;217;47.3907;17.6718
23931;Mehkerek;kozseg;Sarkadi;Bekes;2585;1945;46.7748;21.4492
23940;Sarretudvari;nagykozseg;Puspokladanyi;Hajdu-Bihar;5442;2780;47.2392;21.1895
23959;Mohacs;varos;Mohacsi;Baranya;11223;17089;45.9934;18.6821
23968;Teleki;kozseg;Siofoki;Somogy;805;226;46.7725;17.8246
23977;Buttos;kozseg;Encsi;Borsod-Abauj-Zemplen;1818;151;48.4775;21.0054
23986;Nagyoroszi;kozseg;Retsagi;Nograd;4003;2073;48.0039;19.0913
23995;Kompolt;kozseg;Fuzesabonyi;Heves;2273;1858;47.7428;20.2402
24004;Nyirad;kozseg;Ajkai;Veszprem;6136;1809;47.0054;17.4546
24013;Diosd;varos;Erdi;Pest;575;10776;47.4063;18.9449
24022;Bator;kozseg;Egri;Heves;2732;342;47.9918;20.2657
24031;Dombegyhaz;nagykozseg;Mezokovacshazai;Bekes;5794;1954;46.3406;21.132
24040;Monostorapati;kozseg;Tapolcai;Veszprem;2559;1088;46.9249;17.5553
24059;Nemeskolta;kozseg;Szombathelyi;Vas;734;342;47.1409;16.7716
24068;Osi;kozseg;Varpalotai;Veszprem;3586;1959;47.1436;18.1883
24077;Deszk;kozseg;Szegedi;Csongrad;5205;3668;46.2182;20.2379
24086;Jaszivany;kozseg;Jaszapati;Jasz-Nagykun-Szolnok;3951;383;47.5222;20.2465
24095;Csengersima;kozseg;Csengeri;Szabolcs-Szatmar-Bereg;2380;794;47.8661;22.7303
24101;Dunaszentmiklos;kozseg;Tatai;Komarom-Esztergom;776;445;47.7044;18.3813
24110;Zselickislak;kozseg;Kaposvari;Somogy;1039;410;46.3111;17.7978
24129;Bakonytamasi;kozseg;Papai;Veszprem;2049;562;47.4105;17.7319
24138;Rigyac;kozseg;Nagykanizsai;Zala;1536;394;46.4649;16.8635
24147;Verpelet;varos;Egri;Heves;5318;3750;47.849;20.2279
24156;Negyes;kozseg;Mezokovesdi;Borsod-Abauj-Zemplen;1733;247;47.7018;20.7029
24165;Hernadkak;kozseg;Miskolci;Borsod-Abauj-Zemplen;1090;1581;48.0913;20.9642
24174;Tereske;kozseg;Retsagi;Nograd;1703;678;47.9488;19.1934
24183;Gencsapati;kozseg;Szombathelyi;Vas;2239;2668;47.2888;16.5944
24192;Facankert;kozseg;Tolnai;Tolna;1070;620;46.448;18.7361
24208;Sobor;kozseg;Csornai;Gyor-Moson-Sopron;1671;272;47.4757;17.369
24217;Mikepercs;kozseg;Derecskei;Hajdu-Bihar;3693;4739;47.441;21.6315
24226;Kovacshida;kozseg;Siklosi;Baranya;809;256;45.8337;18.181
24235;Erdotelek;kozseg;Hevesi;Heves;4490;3221;47.6867;20.3145
24244;Bakonybank;kozseg;Kisberi;Komarom-Esztergom;1506;392;47.4669;17.904
24253;Mikohaza;kozseg;Satoraljaujhelyi;Borsod-Abauj-Zemplen;1691;507;48.4652;21.5908
24262;Egeraracsa;kozseg;Keszthelyi;Zala;703;289;46.6729;17.0775
24271;Pakod;kozseg;Zalaszentgroti;Zala;1255;830;46.957;16.9941
24280;Zalaber;kozseg;Zalaszentgroti;Zala;1278;693;46.974;17.0285
24305;Pannonhalma;varos;Pannonhalmi;Gyor-Moson-Sopron;2957;4064;47.5502;17.7542
24314;Csokoly;kozseg;Kaposvari;Somogy;2984;1008;46.3011;17.5671
24323;Felsopeteny;kozseg;Retsagi;Nograd;1450;583;47.8891;19.198
24332;Matraszele;kozseg;Salgotarjani;Nograd;1697;915;48.0554;19.8939
24341;Bank;kozseg;Retsagi;Nograd;990;691;47.9259;19.1736
24350;Ujszalonta;kozseg;Sarkadi;Bekes;2083;99;46.8117;21.4907
24369;Felsoors;kozseg;Balatonalmadi;Veszprem;1723;1758;47.0151;17.9526
24378;Bar;kozseg;Mohacsi;Baranya;900;539;46.0518;18.7172
24387;Kisbajom;kozseg;Nagyatadi;Somogy;1367;383;46.3055;17.4897
24396;Kiskunmajsa;varos;Kiskunmajsai;Bacs-Kiskun;22227;10843;46.4906;19.7393
24402;Vekeny;kozseg;Komloi;Baranya;936;131;46.2696;18.342
24411;Lengyel;kozseg;Bonyhadi;Tolna;2003;473;46.375;18.3686
24420;Pere;kozseg;Gonci;Borsod-Abauj-Zemplen;953;321;48.2852;21.1211
24439;Doroghaza;kozseg;Batonyterenyei;Nograd;1768;1060;47.9871;19.9003
24448;Tiszacsecse;kozseg;Fehergyarmati;Szabolcs-Szatmar-Bereg;480;223;48.1097;22.7446
24457;Balvanyos;kozseg;Siofoki;Somogy;2369;544;46.7817;17.9521
24466;Mikebuda;kozseg;Cegledi;Pest;4217;695;47.1569;19.6152
24475;Timar;kozseg;Nyiregyhazi;Szabolcs-Szatmar-Bereg;2182;1245;48.1543;21.4611
24484;Kemenessomjen;kozseg;Celldomolki;Vas;1605;562;47.2945;17.1338
24493;Kisbarapati;kozseg;Tabi;Somogy;2871;360;46.603;17.8661
24509;Nemesbod;kozseg;Szombathelyi;Vas;914;613;47.2689;16.7354
24518;Ecser;nagykozseg;Vecsesi;Pest;1310;3960;47.4445;19.3185
24527;Tok;kozseg;Budakeszi;Pest;2473;1326;47.5647;18.7311
24536;Orci;kozseg;Kaposvari;Somogy;997;561;46.4067;17.8733
24545;Tiszaalpar;nagykozseg;Tiszakecskei;Bacs-Kiskun;9113;4938;46.822;19.9893
24554;Abasar;kozseg;Gyongyosi;Heves;2082;2613;47.7947;20.0002
24563;Tamasi;varos;Tamasi;Tolna;11195;7906;46.6294;18.285
24572;Samsonhaza;kozseg;Salgotarjani;Nograd;1271;230;47.9865;19.7241
24581;Rohod;kozseg;Baktaloranthazai;Szabolcs-Szatmar-Bereg;1956;1215;48.0274;22.1353
24590;Zajk;kozseg;Letenyei;Zala;1239;218;46.4839;16.72
24606;Szuhogy;kozseg;Edelenyi;Borsod-Abauj-Zemplen;1700;1076;48.3843;20.6745
24615;Tapsony;kozseg;Marcali;Somogy;3161;637;46.4535;17.3354
24624;Lovaszheteny;kozseg;Pecsvaradi;Baranya;895;301;46.157;18.474
24633;Koronco;kozseg;Gyori;Gyor-Moson-Sopron;2690;2221;47.5974;17.5298
24642;Csesznek;kozseg;Zirci;Veszprem;2421;527;47.3543;17.8828
24651;Vinar;kozseg;Papai;Veszprem;460;223;47.3108;17.2823
24660;Potrete;kozseg;Nagykanizsai;Zala;1412;239;46.6783;16.951
24679;Kospallag;kozseg;Szobi;Pest;1277;733;47.8746;18.9341
24703;Tekenye;kozseg;Zalaszentgroti;Zala;696;408;46.9599;17.1228
24712;Szilvas;kozseg;Pecsi;Baranya;604;131;45.9617;18.2004
24721;Rabapordany;kozseg;Csornai;Gyor-Moson-Sopron;2190;995;47.5569;17.3229
24730;Panyok;kozseg;Gonci;Borsod-Abauj-Zemplen;846;58;48.5302;21.3483
24749;Baranyajeno;kozseg;Hegyhati;Baranya;1555;416;46.2708;18.0434
24758;Egerszalok;kozseg;Egri;Heves;2311;2050;47.8702;20.3238
24767;Ugod;kozseg;Papai;Veszprem;6279;1340;47.318;17.6014
24776;Padar;kozseg;Zalaegerszegi;Zala;1069;104;46.852;17.0164
24785;Nagykallo;varos;Nagykalloi;Szabolcs-Szatmar-Bereg;6852;9176;47.8743;21.8435
24794;Kardos;kozseg;Szarvasi;Bekes;4279;562;46.7969;20.7195
24800;Sopte;kozseg;Szombathelyi;Vas;1398;707;47.2819;16.6509
24819;Devavanya;varos;Gyomaendrodi;Bekes;21655;7363;47.0313;20.9621
24828;Biharnagybajom;kozseg;Puspokladanyi;Hajdu-Bihar;6135;2647;47.2124;21.2285
24837;Nagytilaj;kozseg;Vasvari;Vas;1566;120;46.9795;16.9627
24846;Heresznye;kozseg;Barcsi;Somogy;990;223;46.0555;17.276
24855;Romonya;kozseg;Pecsi;Baranya;707;521;46.0885;18.3396
24864;Batyk;kozseg;Zalaszentgroti;Zala;808;357;46.9899;17.0357
24873;Homokkomarom;kozseg;Nagykanizsai;Zala;1670;187;46.5055;16.9157
24882;Hernadpetri;kozseg;Encsi;Borsod-Abauj-Zemplen;1708;218;48.4804;21.1617
24891;Szigliget;kozseg;Tapolcai;Veszprem;3426;792;46.8014;17.4332
24907;Balatonszarszo;nagykozseg;Siofoki;Somogy;3013;1997;46.8263;17.8342
24916;Szob;varos;Szobi;Pest;1797;2557;47.8183;18.8711
24925;Bisse;kozseg;Siklosi;Baranya;1380;198;45.9078;18.2592
24934;Vac;varos;Vaci;Pest;6160;32828;47.7783;19.1278
24943;Nagykokenyes;kozseg;Hatvani;Heves;1728;576;47.7341;19.5983
24952;Vasarosbec;kozseg;Szigetvari;Baranya;2401;174;46.1806;17.7254
24970;Hernadszurdok;kozseg;Gonci;Borsod-Abauj-Zemplen;448;159;48.4806;21.2054
24989;Decs;nagykozseg;Szekszardi;Tolna;9467;3728;46.2843;18.7601
24998;Tazlar;kozseg;Kiskorosi;Bacs-Kiskun;7338;1767;46.5491;19.5139
25007;Sarand;kozseg;Derecskei;Hajdu-Bihar;2268;2203;47.4125;21.6248
25016;Velence;varos;Gardonyi;Fejer;3337;6441;47.2353;18.6605
25025;Liszo;kozseg;Nagykanizsai;Zala;2591;350;46.3663;17.0067
25034;Zsambek;varos;Budakeszi;Pest;3366;5585;47.5483;18.7174
25043;Somogybukkosd;kozseg;Csurgoi;Somogy;1180;60;46.2991;16.9883
25052;Orosztony;kozseg;Nagykanizsai;Zala;1845;382;46.6276;17.0604
25061;Szabadszallas;varos;Kunszentmiklosi;Bacs-Kiskun;16462;6083;46.8752;19.2225
25070;Somogyhatvan;kozseg;Szigetvari;Baranya;1352;348;46.1096;17.7131
25089;Mezoszemere;kozseg;Fuzesabonyi;Heves;2148;976;47.7473;20.5192
25098;Benye;kozseg;Monori;Pest;1652;1258;47.3553;19.5399
25104;Hangony;kozseg;Ozdi;Borsod-Abauj-Zemplen;3914;1540;48.2261;20.2007
25113;Totszerdahely;kozseg;Letenyei;Zala;1229;1023;46.3986;16.7975
25122;Zalata;kozseg;Sellyei;Baranya;2183;218;45.81;17.8902
25131;Esztergom;varos;Esztergomi;Komarom-Esztergom;10011;28144;47.7857;18.7403
25140;Sarosd;nagykozseg;Szekesfehervari;Fejer;4812;3256;47.0416;18.6498
25159;Banhorvati;kozseg;Kazincbarcikai;Borsod-Abauj-Zemplen;2848;1317;48.2259;20.5023
25168;Sarkadkeresztur;kozseg;Sarkadi;Bekes;3530;1446;46.8086;21.3812
25177;Magyarboly;kozseg;Siklosi;Baranya;1722;881;45.8404;18.4918
25186;Jaszjakohalma;kozseg;Jaszberenyi;Jasz-Nagykun-Szolnok;4504;2784;47.5219;19.9891
25195;Bogacs;kozseg;Mezokovesdi;Borsod-Abauj-Zemplen;2469;1890;47.9041;20.5315
25201;Nagytevel;kozseg;Papai;Veszprem;1441;512;47.2964;17.5655
25210;Murakeresztur;kozseg;Nagykanizsai;Zala;1171;1574;46.3613;16.8756
25229;Bakonysarkany;kozseg;Kisberi;Komarom-Esztergom;1412;982;47.448;18.1015
25238;Filkehaza;kozseg;Satoraljaujhelyi;Borsod-Abauj-Zemplen;441;95;48.4954;21.489
25247;Kobleny;kozseg;Komloi;Baranya;804;191;46.2953;18.3025
25256;Bihardancshaza;kozseg;Puspokladanyi;Hajdu-Bihar;831;175;47.2289;21.3161
25265;Alattyan;kozseg;Jaszapati;Jasz-Nagykun-Szolnok;3429;1959;47.4257;20.0476
25274;Tolna;varos;Tolnai;Tolna;7107;11053;46.4227;18.7888
25283;Alsoszentivan;kozseg;Sarbogardi;Fejer;3965;613;46.7958;18.7321
25292;Regenye;kozseg;Pecsi;Baranya;615;145;45.9697;18.1695
25308;Balatonakali;kozseg;Balatonfuredi;Veszprem;3620;664;46.8837;17.7527
25326;Erdobenye;kozseg;Tokaji;Borsod-Abauj-Zemplen;4580;1000;48.2665;21.3556
25335;Rabapatona;kozseg;Gyori;Gyor-Moson-Sopron;3974;2638;47.6318;17.481
25344;Sarkeresztur;kozseg;Sarbogardi;Fejer;4675;2464;47.0062;18.5481
25353;Kemendollar;kozseg;Zalaegerszegi;Zala;1607;492;46.9046;16.9436
25362;Dunabogdany;kozseg;Szentendrei;Pest;2550;3134;47.7938;19.0352
25371;Magyaregres;kozseg;Kaposvari;Somogy;1440;562;46.4602;17.7696
25380;Selyeb;kozseg;Szikszoi;Borsod-Abauj-Zemplen;1664;450;48.3386;20.9539
25399;Igrici;kozseg;Mezocsati;Borsod-Abauj-Zemplen;1947;1131;47.8661;20.8827
25414;Nemetfalu;kozseg;Zalaegerszegi;Zala;867;185;46.8159;16.6858
25423;Magyarszombatfa;kozseg;Kormendi;Vas;1594;262;46.7609;16.3404
25432;Tabdi;kozseg;Kiskorosi;Bacs-Kiskun;2139;1011;46.6847;19.3077
25441;Benk;kozseg;Zahonyi;Szabolcs-Szatmar-Bereg;850;445;48.3013;22.2304
25450;Osku;kozseg;Varpalotai;Veszprem;4830;2113;47.1601;18.0731
25469;Esztar;kozseg;Derecskei;Hajdu-Bihar;3171;1287;47.2851;21.7755
25478;Oltarc;kozseg;Letenyei;Zala;2953;230;46.5282;16.8283
25487;Leanyvar;kozseg;Esztergomi;Komarom-Esztergom;726;1806;47.6817;18.771
25496;Endrefalva;kozseg;Szecsenyi;Nograd;1323;1157;48.1278;19.5762
25502;Csardaszallas;kozseg;Gyomaendrodi;Bekes;5416;360;46.8654;20.9326
25511;Nemeskisfalud;kozseg;Marcali;Somogy;282;173;46.4403;17.3677
25520;Nagyszakacsi;kozseg;Marcali;Somogy;2137;444;46.4875;17.3216
25539;Gyore;kozseg;Bonyhadi;Tolna;1132;657;46.2961;18.3988
25548;Karancsbereny;kozseg;Salgotarjani;Nograd;2314;786;48.1837;19.7452
25566;Harskut;kozseg;Veszpremi;Veszprem;3446;675;47.1863;17.8148
25575;Cserepvaralja;kozseg;Mezokovesdi;Borsod-Abauj-Zemplen;1462;348;47.9339;20.5615
25584;Gyor;megyeszekhely;Gyori;Gyor-Moson-Sopron;17462;132038;47.6876;17.6347
25593;Sumeg;varos;Sumegi;Veszprem;6413;6024;46.9784;17.2812
25609;Nemessandorhaza;kozseg;Zalaegerszegi;Zala;1115;299;46.7843;16.9497
25618;Mera;kozseg;Encsi;Borsod-Abauj-Zemplen;1512;1635;48.359;21.1518
25627;Gyal;varos;Gyali;Pest;2493;23893;47.3845;19.2173
25636;Ibrany;varos;Ibranyi;Szabolcs-Szatmar-Bereg;6043;6608;48.1226;21.7102
25645;Sioagard;kozseg;Szekszardi;Tolna;2440;1172;46.3908;18.6536
25654;Kerta;kozseg;Devecseri;Veszprem;1546;543;47.1622;17.2745
25663;Galgaguta;kozseg;Balassagyarmati;Nograd;1589;586;47.846;19.3891
25672;Hidvegardo;kozseg;Edelenyi;Borsod-Abauj-Zemplen;1699;532;48.5606;20.8382
25681;Cserenfa;kozseg;Kaposvari;Somogy;1775;204;46.3108;17.883
25690;Domahaza;kozseg;Ozdi;Borsod-Abauj-Zemplen;2882;747;48.1823;20.1034
25706;Szentbalazs;kozseg;Kaposvari;Somogy;1214;303;46.3192;17.896
25715;Moha;kozseg;Szekesfehervari;Fejer;988;592;47.243;18.3338
25724;Sopronkovesd;kozseg;Soproni;Gyor-Moson-Sopron;2681;1303;47.5447;16.7448
25733;Martely;kozseg;Hodmezovasarhelyi;Csongrad;3645;1307;46.4688;20.2384
25742;Kany;kozseg;Encsi;Borsod-Abauj-Zemplen;921;32;48.515;21.0136
25751;Pakozd;nagykozseg;Gardonyi;Fejer;4330;3214;47.2171;18.5437
25760;Meggyeskovacsi;kozseg;Sarvari;Vas;2464;707;47.1627;16.8684
25779;Somloszolos;kozseg;Devecseri;Veszprem;1946;662;47.1748;17.3556
25788;Salgotarjan;megyeszekhely;Salgotarjani;Nograd;9797;33579;48.0961;19.8006
25797;Vitnyed;kozseg;Kapuvari;Gyor-Moson-Sopron;3225;1420;47.5871;16.98
25803;Hegymagas;kozseg;Tapolcai;Veszprem;789;246;46.8333;17.433
25812;Ag;kozseg;Hegyhati;Baranya;1203;178;46.296;18.2042
25821;Erdosmarok;kozseg;Mohacsi;Baranya;814;85;46.0561;18.546
25830;Hajmas;kozseg;Kaposvari;Somogy;1111;227;46.2743;17.9054
25849;Rigacs;kozseg;Sumegi;Veszprem;617;187;47.0648;17.2154
25858;Koveskal;kozseg;Tapolcai;Veszprem;1449;321;46.8814;17.6057
25867;Kaposhomok;kozseg;Kaposvari;Somogy;1148;450;46.362;17.9209
25876;Told;kozseg;Berettyoujfalui;Hajdu-Bihar;1491;291;47.1198;21.6414
25885;Dobri;kozseg;Lenti;Zala;789;137;46.5164;16.5817
25894;Monostorpalyi;kozseg;Derecskei;Hajdu-Bihar;4444;2107;47.3974;21.7734
25900;Tomorkeny;kozseg;Csongradi;Csongrad;5391;1660;46.6155;20.0413
25919;Kisujszallas;varos;Karcagi;Jasz-Nagykun-Szolnok;20527;10750;47.2162;20.7547
25928;Nyirkercs;kozseg;Baktaloranthazai;Szabolcs-Szatmar-Bereg;1428;811;48.0152;22.0475
25937;Balotaszallas;kozseg;Kiskunhalasi;Bacs-Kiskun;10494;1489;46.351;19.5362
25946;Egyhazasradoc;kozseg;Kormendi;Vas;2479;1260;47.0887;16.6162
25955;Nagybaracska;kozseg;Bajai;Bacs-Kiskun;3795;2245;46.043;18.9055
25964;Konyar;kozseg;Derecskei;Hajdu-Bihar;4170;2144;47.321;21.6738
25973;Nyircsaszari;kozseg;Nyirbatori;Szabolcs-Szatmar-Bereg;1324;1124;47.8649;22.1766
25982;Vassurany;kozseg;Szombathelyi;Vas;1009;797;47.2864;16.7055
25991;Bakonynana;kozseg;Zirci;Veszprem;1493;1033;47.282;17.9692
26000;Velem;kozseg;Koszegi;Vas;861;381;47.3455;16.4938
26019;Egerbocs;kozseg;Egri;Heves;1595;529;48.0253;20.2615
26028;Nagybanhegyes;kozseg;Mezokovacshazai;Bekes;4224;1162;46.4591;20.9017
26037;Kekkut;kozseg;Tapolcai;Veszprem;368;53;46.8507;17.5599
26046;Koszegpaty;kozseg;Koszegi;Vas;1225;190;47.3269;16.6487
26055;Hogyesz;nagykozseg;Tamasi;Tolna;3715;2761;46.4957;18.4187
26064;Csipkerek;kozseg;Vasvari;Vas;1313;317;47.0738;16.9414
26073;Rabapaty;kozseg;Sarvari;Vas;2141;1626;47.3028;16.9279
26082;Cserdi;kozseg;Szentlorinci;Baranya;646;368;46.0806;17.9907
26091;Lonya;kozseg;Vasarosnamenyi;Szabolcs-Szatmar-Bereg;3548;1118;48.3182;22.2704
26107;Csegold;kozseg;Fehergyarmati;Szabolcs-Szatmar-Bereg;1935;652;47.8987;22.6864
26116;Sap;kozseg;Puspokladanyi;Hajdu-Bihar;1922;843;47.2527;21.3545
26125;Aparhant;kozseg;Bonyhadi;Tolna;1797;971;46.3296;18.4487
26134;Nagyvenyim;kozseg;Dunaujvarosi;Fejer;4368;4120;46.9562;18.8593
26143;Nagysimonyi;kozseg;Celldomolki;Vas;1567;969;47.2632;17.0656
26152;Gerce;kozseg;Sarvari;Vas;1830;1199;47.216;17.0169
26161;Szijartohaza;kozseg;Lenti;Zala;378;25;46.6329;16.4374
26170;Hajdubagos;kozseg;Derecskei;Hajdu-Bihar;3744;1964;47.3898;21.6659
26189;Bekessamson;kozseg;Oroshazi;Bekes;7121;2289;46.416;20.622
26198;Arka;kozseg;Gonci;Borsod-Abauj-Zemplen;949;61;48.3561;21.2517
26204;Varkeszo;kozseg;Papai;Veszprem;641;150;47.4292;17.3153
26213;Szigetmonostor;kozseg;Szentendrei;Pest;2351;2577;47.6897;19.101
26222;Gadany;kozseg;Marcali;Somogy;1970;335;46.5156;17.3938
26231;Ladbesenyo;kozseg;Edelenyi;Borsod-Abauj-Zemplen;1040;285;48.3434;20.7861
26240;Nemesladony;kozseg;Sarvari;Vas;567;126;47.4004;16.8871
26259;Szigetbecse;kozseg;Rackevei;Pest;1712;1287;47.1306;18.9492
26268;Valkonya;kozseg;Letenyei;Zala;755;54;46.501;16.81
26277;Boszenfa;kozseg;Kaposvari;Somogy;4295;500;46.2299;17.8504
26286;Mezohek;kozseg;Mezoturi;Jasz-Nagykun-Szolnok;8982;334;46.9957;20.3876
26295;Kisbarkany;kozseg;Salgotarjani;Nograd;803;125;48.0163;19.6854
26301;Inke;kozseg;Csurgoi;Somogy;5176;1151;46.3947;17.1995
26310;Rem;kozseg;Janoshalmai;Bacs-Kiskun;3993;1202;46.2447;19.1448
26329;Nyugotszenterzsebet;kozseg;Szigetvari;Baranya;923;239;46.0761;17.9109
26338;Abaujszolnok;kozseg;Szikszoi;Borsod-Abauj-Zemplen;867;176;48.3725;20.9739
26347;Ebergoc;kozseg;Soproni;Gyor-Moson-Sopron;502;175;47.5637;16.8116
26356;Berzek;kozseg;Miskolci;Borsod-Abauj-Zemplen;1059;1108;48.0245;20.9573
26365;Nyirmihalydi;kozseg;Nyirbatori;Szabolcs-Szatmar-Bereg;2549;2226;47.7325;21.9661
26374;Magyargencs;kozseg;Papai;Veszprem;3801;456;47.3749;17.2906
26383;Gater;kozseg;Kiskunfelegyhazi;Bacs-Kiskun;3089;880;46.6835;19.9577
26392;Pamuk;kozseg;Fonyodi;Somogy;1196;250;46.5539;17.6375
26408;Komlo;varos;Komloi;Baranya;4655;22635;46.1912;18.2614
26417;Bakonyszucs;kozseg;Papai;Veszprem;3521;278;47.3428;17.6814
26426;Vep;varos;Szombathelyi;Vas;3289;3293;47.2308;16.723
26435;Nyiri;kozseg;Satoraljaujhelyi;Borsod-Abauj-Zemplen;1647;336;48.5;21.4408
26444;Magloca;kozseg;Csornai;Gyor-Moson-Sopron;577;108;47.6633;17.2753
26453;Kadarkut;varos;Kaposvari;Somogy;3974;2384;46.2325;17.6141
26462;Balatonmagyarod;kozseg;Nagykanizsai;Zala;3153;383;46.5944;17.1752
26471;Csatalja;kozseg;Bajai;Bacs-Kiskun;3905;1399;46.0365;18.9446
26480;Barabas;kozseg;Vasarosnamenyi;Szabolcs-Szatmar-Bereg;3818;1061;48.2303;22.4307
26499;Zirc;varos;Zirci;Veszprem;3740;6831;47.2614;17.8718
26505;Nagykinizs;kozseg;Szikszoi;Borsod-Abauj-Zemplen;658;306;48.2367;21.0391
26514;Olaszfalu;kozseg;Zirci;Veszprem;4280;1053;47.2437;17.9079
26523;Norap;kozseg;Papai;Veszprem;758;199;47.2738;17.4572
26532;Bohonye;kozseg;Marcali;Somogy;6417;2174;46.4071;17.3863
26541;Kup;kozseg;Papai;Veszprem;2478;425;47.248;17.4657
26550;Omboly;kozseg;Nyirbatori;Szabolcs-Szatmar-Bereg;3036;420;47.7004;22.2132
26569;Somlovasarhely;kozseg;Devecseri;Veszprem;2321;1061;47.121;17.3762
26578;Szigetvar;varos;Szigetvari;Baranya;3952;10421;46.0474;17.7994
26587;Rajka;kozseg;Mosonmagyarovari;Gyor-Moson-Sopron;5260;3024;47.9971;17.1961
26596;Kercaszomor;kozseg;Kormendi;Vas;1287;170;46.789;16.3509
26602;Korom;kozseg;Miskolci;Borsod-Abauj-Zemplen;834;1352;47.9821;20.9517
26611;Ujfeherto;varos;Nyiregyhazi;Szabolcs-Szatmar-Bereg;14088;12292;47.8009;21.683
26620;Katafa;kozseg;Kormendi;Vas;481;325;46.9757;16.6294
26639;Pusztaszentlaszlo;kozseg;Zalaegerszegi;Zala;1034;528;46.6343;16.841
26648;Vaszar;kozseg;Papai;Veszprem;3369;1447;47.4024;17.5161
26657;Jardanhaza;kozseg;Ozdi;Borsod-Abauj-Zemplen;1124;1765;48.1577;20.251
26666;Kiszombor;nagykozseg;Makoi;Csongrad;6581;3672;46.189;20.4271
26675;Lengyeltoti;varos;Fonyodi;Somogy;3957;2812;46.6671;17.6411
26684;Kecskemet;megyeszekhely;Kecskemeti;Bacs-Kiskun;32257;110687;46.9081;19.6928
26693;Barand;kozseg;Puspokladanyi;Hajdu-Bihar;4257;2484;47.292;21.226
26709;Csorvas;varos;Bekescsabai;Bekes;9018;4652;46.6304;20.8336
26718;Abaujker;kozseg;Gonci;Borsod-Abauj-Zemplen;1727;575;48.3079;21.1998
26727;Graboc;kozseg;Bonyhadi;Tolna;1373;155;46.2891;18.6069
26736;Rabagyarmat;kozseg;Szentgotthardi;Vas;1679;774;46.9427;16.4218
26745;Parasznya;kozseg;Miskolci;Borsod-Abauj-Zemplen;1676;1111;48.1692;20.6407
26754;Rinyaszentkiraly;kozseg;Nagyatadi;Somogy;3056;384;46.1529;17.3889
26763;Simasag;kozseg;Sarvari;Vas;1013;526;47.4235;16.8433
26772;Csanig;kozseg;Sarvari;Vas;819;315;47.4326;17.0234
26781;Varda;kozseg;Kaposvari;Somogy;1036;417;46.4616;17.7404
26790;Halaszi;kozseg;Mosonmagyarovari;Gyor-Moson-Sopron;3645;3290;47.891;17.3293
26806;Ronok;kozseg;Szentgotthardi;Vas;1722;379;46.9779;16.36
26815;Vecses;varos;Vecsesi;Pest;3617;21161;47.4095;19.265
26824;Alap;kozseg;Sarbogardi;Fejer;4829;1833;46.8045;18.6854
26833;Iliny;kozseg;Balassagyarmati;Nograd;646;139;48.0324;19.4273
26842;Zselickisfalud;kozseg;Kaposvari;Somogy;2608;229;46.2741;17.7356
26851;Csengerujfalu;kozseg;Csengeri;Szabolcs-Szatmar-Bereg;2561;1051;47.8055;22.6213
26860;Gyarmat;kozseg;Teti;Gyor-Moson-Sopron;2245;1301;47.4634;17.4888
26879;Nagyfuged;kozseg;Gyongyosi;Heves;2751;1682;47.682;20.1038
26888;Kazsok;kozseg;Kaposvari;Somogy;1071;322;46.478;17.9615
26897;Karancssag;kozseg;Salgotarjani;Nograd;2139;1247;48.1151;19.6591
26903;Sarisap;kozseg;Esztergomi;Komarom-Esztergom;1422;2668;47.6744;18.6814
26921;Asvanyraro;kozseg;Mosonmagyarovari;Gyor-Moson-Sopron;3911;2023;47.8299;17.4997
26930;Mocsa;kozseg;Komaromi;Komarom-Esztergom;6718;2062;47.6693;18.1815
26949;Sajokeresztur;kozseg;Miskolci;Borsod-Abauj-Zemplen;1640;1410;48.1697;20.7762
26958;Balkany;varos;Nagykalloi;Szabolcs-Szatmar-Bereg;9000;6151;47.7701;21.8601
26967;Magyargec;kozseg;Szecsenyi;Nograd;1235;832;48.0837;19.601
26976;Nagyhodos;kozseg;Fehergyarmati;Szabolcs-Szatmar-Bereg;766;125;47.9629;22.8497
26985;Csovar;kozseg;Vaci;Pest;1717;595;47.8138;19.3238
26994;Totszentgyorgy;kozseg;Szigetvari;Baranya;750;126;46.0523;17.7179
27012;Varaszo;kozseg;Petervasarai;Heves;2705;434;48.0585;20.1128
27021;Kisharsany;kozseg;Siklosi;Baranya;1293;456;45.8598;18.364
27030;Gyanogeregye;kozseg;Szombathelyi;Vas;707;140;47.1233;16.7634
27049;Becskehaza;kozseg;Edelenyi;Borsod-Abauj-Zemplen;500;41;48.5297;20.8352
27058;Bekas;kozseg;Papai;Veszprem;652;187;47.3318;17.3502
27067;Magyarsarlos;kozseg;Pecsi;Baranya;803;234;46.0415;18.3516
27076;Nagysap;kozseg;Esztergomi;Komarom-Esztergom;2478;1424;47.6837;18.6037
27085;Cakohaza;kozseg;Csornai;Gyor-Moson-Sopron;288;51;47.6962;17.2862
27094;Celldomolk;varos;Celldomolki;Vas;5239;10555;47.258;17.1522
27100;Vasmegyer;kozseg;Kemecsei;Szabolcs-Szatmar-Bereg;2273;1677;48.1111;21.8149
27119;Nemesborzova;kozseg;Fehergyarmati;Szabolcs-Szatmar-Bereg;220;117;47.9933;22.6328
27128;Galgamacsa;kozseg;Aszodi;Pest;4331;1801;47.6938;19.3848
27137;Mencshely;kozseg;Veszpremi;Veszprem;1261;238;46.947;17.7005
27146;Komoro;kozseg;Zahonyi;Szabolcs-Szatmar-Bereg;1169;1263;48.3026;22.1161
27155;Nagyhalasz;varos;Ibranyi;Szabolcs-Szatmar-Bereg;4430;5509;48.1322;21.7594
27164;Nagypeterd;kozseg;Szigetvari;Baranya;1163;660;46.0478;17.8972
27173;Sajolad;kozseg;Miskolci;Borsod-Abauj-Zemplen;1268;2739;48.0467;20.9025
27182;Nagykonyi;kozseg;Tamasi;Tolna;4788;1042;46.5904;18.2032
27191;Novajidrany;kozseg;Encsi;Borsod-Abauj-Zemplen;1431;1338;48.4039;21.1721
27207;Zalagyomoro;kozseg;Sumegi;Veszprem;1111;423;47.0178;17.2264
27216;Ostoros;kozseg;Egri;Heves;2351;2629;47.867;20.4288
27225;Kalmanhaza;kozseg;Nyiregyhazi;Szabolcs-Szatmar-Bereg;3725;1755;47.8734;21.5772
27234;Bacsborsod;kozseg;Bacsalmasi;Bacs-Kiskun;7752;1073;46.0974;19.1584
27243;Kisbagyon;kozseg;Pasztoi;Nograd;1024;411;47.8234;19.585
27252;Tiszanagyfalu;kozseg;Nyiregyhazi;Szabolcs-Szatmar-Bereg;2705;1765;48.0935;21.4705
27261;Tisztaberek;kozseg;Fehergyarmati;Szabolcs-Szatmar-Bereg;1823;718;47.96;22.7926
27270;Csomend;kozseg;Marcali;Somogy;866;289;46.5703;17.4908
27289;Magyarnadalja;kozseg;Kormendi;Vas;385;221;47.0096;16.5326
27298;Apatvarasd;kozseg;Pecsvaradi;Baranya;814;112;46.1863;18.4802
27304;Potyond;kozseg;Csornai;Gyor-Moson-Sopron;284;96;47.5492;17.1824
27313;Torokszentmiklos;varos;Torokszentmiklosi;Jasz-Nagykun-Szolnok;18516;19827;47.1794;20.4092
27322;Vamosatya;kozseg;Vasarosnamenyi;Szabolcs-Szatmar-Bereg;2430;590;48.1969;22.4077
27331;Sajoecseg;kozseg;Miskolci;Borsod-Abauj-Zemplen;794;1032;48.1912;20.7757
27340;Nogradszakal;kozseg;Szecsenyi;Nograd;1872;661;48.1804;19.5266
27359;Mecser;kozseg;Mosonmagyarovari;Gyor-Moson-Sopron;2109;638;47.7965;17.477
27368;Segesd;kozseg;Nagyatadi;Somogy;7309;2343;46.3532;17.3472
27377;Balatonbereny;kozseg;Marcali;Somogy;2609;1049;46.7108;17.3193
27386;Tatarszentgyorgy;kozseg;Dabasi;Pest;5506;1787;47.0823;19.3695
27395;Malyi;kozseg;Miskolci;Borsod-Abauj-Zemplen;1128;3946;48.0148;20.8237
27401;Egyhazaskozar;kozseg;Komloi;Baranya;2431;717;46.3313;18.3167
27410;Putnok;varos;Putnoki;Borsod-Abauj-Zemplen;3472;6478;48.2943;20.4343
27429;Bodvalenke;kozseg;Edelenyi;Borsod-Abauj-Zemplen;663;241;48.5411;20.804
27438;Ormenykut;kozseg;Szarvasi;Bekes;5456;320;46.8307;20.7364
27447;Barlahida;kozseg;Lenti;Zala;610;106;46.7165;16.7016
27456;Szendrolad;kozseg;Edelenyi;Borsod-Abauj-Zemplen;1770;2149;48.3408;20.7456
27465;Pusztaederics;kozseg;Zalaegerszegi;Zala;955;165;46.6392;16.8003
27474;Sarospatak;varos;Sarospataki;Borsod-Abauj-Zemplen;13909;11599;48.3217;21.5656
27483;Lendvadedes;kozseg;Lenti;Zala;402;27;46.5804;16.5087
27492;Csode;kozseg;Zalaegerszegi;Zala;1061;77;46.8363;16.5423
27508;Szagy;kozseg;Hegyhati;Baranya;940;108;46.2218;17.9466
27517;Besenyotelek;kozseg;Fuzesabonyi;Heves;4910;2541;47.6984;20.4279
27526;Mihald;kozseg;Nagykanizsai;Zala;2164;684;46.4508;17.1289
27535;Somogysimonyi;kozseg;Marcali;Somogy;1582;74;46.4881;17.2105
27544;Tiszaszentmarton;kozseg;Zahonyi;Szabolcs-Szatmar-Bereg;1446;1078;48.3759;22.2334
27553;Poganyszentpeter;kozseg;Csurgoi;Somogy;1315;475;46.3841;17.063
27562;Zalaszombatfa;kozseg;Lenti;Zala;589;47;46.6377;16.444
27571;Kelebia;kozseg;Kiskunhalasi;Bacs-Kiskun;6670;2415;46.1971;19.6072
27580;Nemti;kozseg;Batonyterenyei;Nograd;1106;738;48.0058;19.899
27599;Nadap;kozseg;Gardonyi;Fejer;693;672;47.258;18.6175
27605;Nagytalya;kozseg;Egri;Heves;1319;888;47.8171;20.4076
27614;Zimany;kozseg;Kaposvari;Somogy;1297;541;46.4246;17.9076
27623;Ujlorincfalva;kozseg;Fuzesabonyi;Heves;4808;172;47.6261;20.5985
27632;Uny;kozseg;Esztergomi;Komarom-Esztergom;1158;654;47.643;18.739
27641;Almosd;kozseg;Nyiradonyi;Hajdu-Bihar;3413;1657;47.4154;21.9838
27650;Rozsaszentmarton;kozseg;Hatvani;Heves;1631;1960;47.7829;19.7419
27669;Dubicsany;kozseg;Putnoki;Borsod-Abauj-Zemplen;1300;207;48.2844;20.4911
27678;Magyaralmas;kozseg;Mori;Fejer;2242;1557;47.2957;18.3242
27687;Kosd;kozseg;Vaci;Pest;3409;2374;47.8068;19.1758
27696;Maklar;kozseg;Egri;Heves;2801;2383;47.8043;20.4131
27702;Tekes;kozseg;Hegyhati;Baranya;1256;218;46.2869;18.1744
27711;Izmeny;kozseg;Bonyhadi;Tolna;1373;437;46.3134;18.4146
27720;Salomvar;kozseg;Zalaegerszegi;Zala;1611;599;46.8508;16.6613
27739;Dunakiliti;kozseg;Mosonmagyarovari;Gyor-Moson-Sopron;3363;1898;47.9662;17.2882
27748;Pap;kozseg;Kisvardai;Szabolcs-Szatmar-Bereg;1715;1766;48.2155;22.1425
27757;Sajovelezd;kozseg;Putnoki;Borsod-Abauj-Zemplen;2302;728;48.2732;20.4614
27766;Kisszekely;kozseg;Tamasi;Tolna;2830;257;46.6794;18.539
27775;Ohid;kozseg;Zalaszentgroti;Zala;1248;547;46.961;17.1675
27784;Iharosbereny;kozseg;Csurgoi;Somogy;4966;1206;46.3635;17.1114
27793;Szergeny;kozseg;Celldomolki;Vas;1561;238;47.3286;17.2683
27809;Matetelke;kozseg;Bacsalmasi;Bacs-Kiskun;2793;473;46.1612;19.2782
27818;Homokbodoge;kozseg;Papai;Veszprem;1615;633;47.3027;17.5901
27827;Kava;kozseg;Monori;Pest;1131;684;47.3557;19.5879
27836;Tornaszentandras;kozseg;Edelenyi;Borsod-Abauj-Zemplen;1565;148;48.5203;20.7757
27845;Homokmegy;kozseg;Kalocsai;Bacs-Kiskun;7032;1246;46.488;19.0737
27854;Szolnok;megyeszekhely;Szolnoki;Jasz-Nagykun-Szolnok;18724;71285;47.1754;20.1946
27863;Majs;kozseg;Mohacsi;Baranya;3206;873;45.9087;18.6003
27872;Abony;varos;Cegledi;Pest;12797;14277;47.1887;20.0048
27881;Hassagy;kozseg;Bolyi;Baranya;800;256;46.0346;18.3886
27890;Bukkaranyos;kozseg;Miskolci;Borsod-Abauj-Zemplen;2620;1482;47.9853;20.7804
27906;Magyarbanhegyes;kozseg;Mezokovacshazai;Bekes;3656;2149;46.4553;20.9643
27915;Mohora;kozseg;Balassagyarmati;Nograd;1595;973;47.9935;19.3382
27924;Opalyi;kozseg;Mateszalkai;Szabolcs-Szatmar-Bereg;2672;3084;47.9958;22.3223
27933;Himeshaza;kozseg;Mohacsi;Baranya;1754;1017;46.0859;18.5698
27942;Halmaj;kozseg;Szikszoi;Borsod-Abauj-Zemplen;1259;1789;48.2462;21.0017
27951;Tilaj;kozseg;Zalaegerszegi;Zala;816;177;46.8055;17.0475
27960;Sorkikapolna;kozseg;Szombathelyi;Vas;886;198;47.1404;16.7009
27979;Nagyalasony;kozseg;Devecseri;Veszprem;1401;420;47.2303;17.3565
27988;Nagyszekeres;kozseg;Fehergyarmati;Szabolcs-Szatmar-Bereg;1051;488;47.9639;22.6099
27997;Szemenye;kozseg;Vasvari;Vas;1180;351;47.1016;16.9067
28006;Ocsod;nagykozseg;Kunszentmartoni;Jasz-Nagykun-Szolnok;10366;3064;46.9012;20.3897
28015;Iszkaz;kozseg;Devecseri;Veszprem;1574;328;47.1641;17.298
28024;Villany;varos;Siklosi;Baranya;2202;2282;45.8698;18.4555
28033;Nekezseny;kozseg;Ozdi;Borsod-Abauj-Zemplen;1410;659;48.1676;20.4287
28051;Tolcsva;kozseg;Sarospataki;Borsod-Abauj-Zemplen;1648;1715;48.2828;21.4491
28060;Nyirtass;kozseg;Kisvardai;Szabolcs-Szatmar-Bereg;3795;1942;48.1157;22.0231
28079;Kerecsend;kozseg;Egri;Heves;2458;2297;47.794;20.3461
28088;Gyongyostarjan;kozseg;Gyongyosi;Heves;4639;2312;47.8117;19.8668
28097;Ipolydamasd;kozseg;Szobi;Pest;1158;357;47.8416;18.8293
28103;Nadudvar;varos;Hajduszoboszloi;Hajdu-Bihar;22591;8472;47.4286;21.1593
28112;Ocs;kozseg;Ajkai;Veszprem;1370;173;47.0016;17.6138
28121;Dravacsepely;kozseg;Siklosi;Baranya;660;189;45.8285;18.1366
28130;Kunszentmiklos;varos;Kunszentmiklosi;Bacs-Kiskun;17211;8191;47.0257;19.1235
28149;Mosonszolnok;kozseg;Mosonmagyarovari;Gyor-Moson-Sopron;4392;1735;47.8528;17.1741
28158;Kisszallas;kozseg;Kiskunhalasi;Bacs-Kiskun;9205;2382;46.2807;19.4913
28167;Lovaszi;kozseg;Lenti;Zala;967;1188;46.5555;16.5564
28185;Perbal;kozseg;Budakeszi;Pest;2565;2056;47.5912;18.7598
28194;Szuha;kozseg;Batonyterenyei;Nograd;1756;501;47.9782;19.9177
28200;Ligetfalva;kozseg;Keszthelyi;Zala;473;47;46.8233;17.0605
28219;Litka;kozseg;Encsi;Borsod-Abauj-Zemplen;666;28;48.4553;21.0586
28228;Turkeve;varos;Mezoturi;Jasz-Nagykun-Szolnok;23652;8230;47.1092;20.7358
28237;Dabrony;kozseg;Devecseri;Veszprem;1700;363;47.2423;17.328
28246;Beregdaroc;kozseg;Vasarosnamenyi;Szabolcs-Szatmar-Bereg;2382;971;48.1971;22.5309
28255;Mogyorosbanya;kozseg;Esztergomi;Komarom-Esztergom;732;830;47.7275;18.6024
28264;Gadacs;kozseg;Kaposvari;Somogy;386;94;46.5376;18.0061
28273;Endroc;kozseg;Szigetvari;Baranya;1133;351;45.9266;17.7691
28282;Nagyvisnyo;kozseg;Belapatfalvai;Heves;4302;859;48.1397;20.423
28291;Labod;kozseg;Nagyatadi;Somogy;6651;1788;46.2077;17.4541
28307;Gagybator;kozseg;Szikszoi;Borsod-Abauj-Zemplen;1877;204;48.4342;20.9498
28316;Babonymegyer;kozseg;Tabi;Somogy;2193;764;46.7517;18.1196
28325;Hotto;kozseg;Zalaegerszegi;Zala;670;336;46.8468;16.7535
28334;Kapuvar;varos;Kapuvari;Gyor-Moson-Sopron;9605;10234;47.5937;17.0275
28343;Vaskut;nagykozseg;Bajai;Bacs-Kiskun;7149;3266;46.1116;18.9854
28352;Tiszaujvaros;varos;Tiszaujvarosi;Borsod-Abauj-Zemplen;4604;15156;47.928;21.0467
28361;Potony;kozseg;Barcsi;Somogy;1590;205;45.9315;17.6457
28370;Apacatorna;kozseg;Devecseri;Veszprem;729;137;47.1119;17.2954
28389;Kazar;kozseg;Salgotarjani;Nograd;3039;1732;48.0503;19.8545
28398;Tiszaluc;nagykozseg;Szerencsi;Borsod-Abauj-Zemplen;4488;4780;48.0346;21.0631
28404;Gyongyfa;kozseg;Szentlorinci;Baranya;878;128;45.9608;17.952
28413;Visegrad;varos;Szentendrei;Pest;3327;1879;47.7846;18.9703
28422;Nemesvita;kozseg;Tapolcai;Veszprem;925;295;46.8243;17.3686
28431;Kek;kozseg;Kemecsei;Szabolcs-Szatmar-Bereg;2198;1903;48.1149;21.8778
28440;Nyirgelse;kozseg;Nyirbatori;Szabolcs-Szatmar-Bereg;2762;1073;47.7613;21.9726
28459;Csernely;kozseg;Ozdi;Borsod-Abauj-Zemplen;2062;689;48.1443;20.3421
28468;Nagypali;kozseg;Zalaegerszegi;Zala;633;514;46.9086;16.8414
28477;Kisleta;kozseg;Nyirbatori;Szabolcs-Szatmar-Bereg;2200;1807;47.8341;22.0035
28486;Tompa;varos;Kiskunhalasi;Bacs-Kiskun;8157;4286;46.2049;19.5374
28495;Zalaboldogfa;kozseg;Zalaegerszegi;Zala;1147;312;46.8988;16.7701
28501;Balatonszolos;kozseg;Balatonfuredi;Veszprem;1281;648;46.9674;17.8292
28510;Porrogszentpal;kozseg;Csurgoi;Somogy;354;80;46.2874;17.0152
28529;Varga;kozseg;Hegyhati;Baranya;836;75;46.2472;18.145
28538;Vajszlo;nagykozseg;Sellyei;Baranya;1771;1709;45.8593;17.9838
28547;Kovacsvagas;kozseg;Satoraljaujhelyi;Borsod-Abauj-Zemplen;2108;627;48.4549;21.5302
28556;Erdokovesd;kozseg;Petervasarai;Heves;1718;660;48.0407;20.1009
28565;Sarkad;varos;Sarkadi;Bekes;12557;9540;46.7423;21.3836
28574;Szabas;kozseg;Nagyatadi;Somogy;1811;578;46.2894;17.4479
28583;Ata;kozseg;Pecsi;Baranya;809;159;45.9369;18.2973
28592;Pusztaszer;kozseg;Kisteleki;Csongrad;4893;1384;46.5497;19.9849
28608;Dravaszabolcs;kozseg;Siklosi;Baranya;1122;697;45.8058;18.2109
28617;Dravacsehi;kozseg;Siklosi;Baranya;740;164;45.811;18.1666
28626;Repceszentgyorgy;kozseg;Sarvari;Vas;575;118;47.3507;16.8466
28635;Teresztenye;kozseg;Edelenyi;Borsod-Abauj-Zemplen;869;31;48.4464;20.6048
28644;Uri;kozseg;Nagykatai;Pest;2219;2591;47.4153;19.5245
28653;Szentmartonkata;nagykozseg;Nagykatai;Pest;5218;4809;47.4441;19.6916
28662;Belecska;kozseg;Tamasi;Tolna;1441;353;46.6425;18.4147
28671;Gyepukajan;kozseg;Sumegi;Veszprem;911;320;47.0442;17.3266
28699;Tiszaigar;kozseg;Tiszafuredi;Jasz-Nagykun-Szolnok;3404;789;47.5354;20.8
28705;Szabadbattyan;nagykozseg;Szekesfehervari;Fejer;3366;4599;47.1177;18.3678
28714;Andocs;kozseg;Tabi;Somogy;4327;1002;46.6488;17.9243
28723;Somogysard;kozseg;Kaposvari;Somogy;3636;1186;46.412;17.5976
28732;Gagyapati;kozseg;Encsi;Borsod-Abauj-Zemplen;323;22;48.4087;21.0025
28741;Sellye;varos;Sellyei;Baranya;2518;2448;45.8735;17.8514
28750;Zsarolyan;kozseg;Fehergyarmati;Szabolcs-Szatmar-Bereg;639;384;47.9491;22.5881
28769;Bagyogszovat;kozseg;Csornai;Gyor-Moson-Sopron;2406;1323;47.5835;17.3675
28778;Dioskal;kozseg;Keszthelyi;Zala;1963;436;46.675;17.0543
28787;Taktakenez;kozseg;Szerencsi;Borsod-Abauj-Zemplen;1974;1203;48.051;21.2169
28796;Egervolgy;kozseg;Vasvari;Vas;886;338;47.119;16.9084
28802;Nyirbogdany;kozseg;Kemecsei;Szabolcs-Szatmar-Bereg;3503;2753;48.0579;21.8749
28811;Kaposgyarmat;kozseg;Kaposvari;Somogy;1107;85;46.2799;17.8832
28820;Szeremle;kozseg;Bajai;Bacs-Kiskun;3406;1321;46.1455;18.8796
28839;Alsoszuha;kozseg;Putnoki;Borsod-Abauj-Zemplen;2242;406;48.3724;20.5042
28848;Patka;kozseg;Szekesfehervari;Fejer;4038;1750;47.2771;18.4871
28857;Kutas;kozseg;Nagyatadi;Somogy;3655;1410;46.3321;17.453
28866;Szodliget;nagykozseg;Vaci;Pest;731;4572;47.73;19.1473
28875;Kishuta;kozseg;Satoraljaujhelyi;Borsod-Abauj-Zemplen;518;268;48.4496;21.4797
28884;Rimoc;kozseg;Szecsenyi;Nograd;2925;1721;48.0374;19.5304
28893;Gesztered;kozseg;Nagykalloi;Szabolcs-Szatmar-Bereg;3352;1666;47.7645;21.7783
28909;Bataapati;kozseg;Bonyhadi;Tolna;2044;377;46.2219;18.5989
28918;Egerag;kozseg;Pecsi;Baranya;1301;892;45.9815;18.3049
28927;Nagytotfalu;kozseg;Siklosi;Baranya;1117;325;45.8631;18.3436
28936;Bakonygyirot;kozseg;Pannonhalmi;Gyor-Moson-Sopron;685;146;47.4179;17.8047
28945;Gyorocske;kozseg;Zahonyi;Szabolcs-Szatmar-Bereg;211;161;48.3854;22.1516
28954;Szigetszentmiklos;varos;Szigetszentmiklosi;Pest;4565;39310;47.3458;19.0409
28963;Somogyjad;kozseg;Kaposvari;Somogy;2506;1519;46.4915;17.7159
28972;Pusztamiske;kozseg;Devecseri;Veszprem;1782;391;47.0628;17.4479
28981;Ura;kozseg;Csengeri;Szabolcs-Szatmar-Bereg;3234;602;47.8179;22.6051
28990;Kislang;kozseg;Enyingi;Fejer;5306;2474;46.9602;18.3852
29009;Nyarad;kozseg;Papai;Veszprem;1979;863;47.283;17.3612
29018;Pusztaszabolcs;varos;Dunaujvarosi;Fejer;5167;5845;47.1386;18.7576
29027;Kunfeherto;kozseg;Kiskunhalasi;Bacs-Kiskun;7837;2083;46.3624;19.4133
29036;Mezoszilas;kozseg;Sarbogardi;Fejer;6497;2008;46.8158;18.475
29045;Matraszentimre;kozseg;Gyongyosi;Heves;2129;416;47.9095;19.8798
29054;Tornyosnemeti;kozseg;Gonci;Borsod-Abauj-Zemplen;1406;474;48.5205;21.2508
29063;Nagybereny;kozseg;Siofoki;Somogy;2314;1261;46.7983;18.164
29072;Kisberzseny;kozseg;Devecseri;Veszprem;529;90;47.1057;17.266
29081;Locs;kozseg;Koszegi;Vas;513;119;47.4033;16.8157
29090;Sopronhorpacs;kozseg;Soproni;Gyor-Moson-Sopron;2069;847;47.4838;16.7387
29106;Baks;kozseg;Kisteleki;Csongrad;6192;1976;46.5495;20.1071
29115;Solt;varos;Kalocsai;Bacs-Kiskun;13267;6102;46.8023;19.0046
29124;Varong;kozseg;Dombovari;Tolna;663;129;46.5268;18.0454
29133;Tiszacsermely;kozseg;Cigandi;Borsod-Abauj-Zemplen;2028;499;48.2334;21.7996
29142;Somogyharsagy;kozseg;Szigetvari;Baranya;3097;380;46.1603;17.7733
29151;Vagashuta;kozseg;Satoraljaujhelyi;Borsod-Abauj-Zemplen;205;83;48.4232;21.5401
29160;Paka;kozseg;Lenti;Zala;2318;1098;46.5933;16.6494
29179;Nagytoke;kozseg;Szentesi;Csongrad;5468;355;46.7573;20.2856
29188;Nagybarca;kozseg;Kazincbarcikai;Borsod-Abauj-Zemplen;1439;962;48.2449;20.5239
29197;Peterhida;kozseg;Barcsi;Somogy;1162;156;46.0094;17.3596
29203;Boba;kozseg;Celldomolki;Vas;1095;783;47.1846;17.1871
29212;Baj;kozseg;Tatai;Komarom-Esztergom;2112;2831;47.6489;18.3644
29221;Janossomorja;varos;Mosonmagyarovari;Gyor-Moson-Sopron;14894;6283;47.7859;17.1364
29230;Dalmand;kozseg;Dombovari;Tolna;4877;1180;46.4933;18.1925
29249;Kesznyeten;kozseg;Tiszaujvarosi;Borsod-Abauj-Zemplen;3641;1737;47.9692;21.042
29267;Tac;kozseg;Szekesfehervari;Fejer;4569;1723;47.083;18.4058
29276;Novaj;kozseg;Egri;Heves;1852;1287;47.8558;20.4785
29294;Marcalgergelyi;kozseg;Papai;Veszprem;776;320;47.312;17.27
29300;Kispalad;kozseg;Fehergyarmati;Szabolcs-Szatmar-Bereg;1674;975;48.0216;22.8368
29319;Ipolyvece;kozseg;Balassagyarmati;Nograd;1383;778;48.062;19.1025
29328;Nemesker;kozseg;Soproni;Gyor-Moson-Sopron;642;202;47.4838;16.8029
29337;Madocsa;kozseg;Paksi;Tolna;4333;1863;46.6881;18.9567
29346;Tiszajeno;kozseg;Szolnoki;Jasz-Nagykun-Szolnok;2819;1522;47.0312;20.1416
29355;Bajot;kozseg;Esztergomi;Komarom-Esztergom;1644;1667;47.7258;18.558
29364;Csomoder;kozseg;Lenti;Zala;779;624;46.6114;16.6392
29373;Vasszecseny;kozseg;Szombathelyi;Vas;1795;1274;47.1818;16.768
29382;Ormenyes;kozseg;Torokszentmiklosi;Jasz-Nagykun-Szolnok;3413;972;47.1909;20.5676
29391;Hencida;kozseg;Berettyoujfalui;Hajdu-Bihar;3479;1100;47.2508;21.6955
29407;Agyagosszergeny;kozseg;Kapuvari;Gyor-Moson-Sopron;1989;945;47.6092;16.9409
29416;Csaroda;kozseg;Vasarosnamenyi;Szabolcs-Szatmar-Bereg;2468;604;48.1604;22.4589
29425;Notincs;kozseg;Retsagi;Nograd;2047;1120;47.8822;19.1405
29434;Tapolca;varos;Tapolcai;Veszprem;6346;14988;46.8821;17.439
29443;Gulacs;kozseg;Vasarosnamenyi;Szabolcs-Szatmar-Bereg;2335;1016;48.0883;22.4679
29452;Halasto;kozseg;Kormendi;Vas;565;65;46.9482;16.6857
29461;Balatonfokajar;kozseg;Balatonalmadi;Veszprem;2192;1336;47.0203;18.2122
29470;Dobronte;kozseg;Papai;Veszprem;1079;243;47.2279;17.5478
29489;Kerkabarabas;kozseg;Lenti;Zala;1029;263;46.679;16.5576
29498;Varsany;kozseg;Szecsenyi;Nograd;2558;1535;48.0388;19.4902
29504;Iklanbereny;kozseg;Koszegi;Vas;296;44;47.4247;16.8034
29513;Bakonyjako;kozseg;Papai;Veszprem;4718;686;47.2263;17.5991
29522;Molvany;kozseg;Szigetvari;Baranya;1376;175;46.0285;17.7455
29531;Veszto;varos;Szeghalmi;Bekes;12570;6488;46.9242;21.2599
29540;Mozsgo;kozseg;Szigetvari;Baranya;2176;981;46.1141;17.8446
29559;Panyola;kozseg;Fehergyarmati;Szabolcs-Szatmar-Bereg;1222;566;48.0442;22.3957
29568;Telekes;kozseg;Vasvari;Vas;1081;503;46.9448;16.7698
29577;Kesztolc;kozseg;Esztergomi;Komarom-Esztergom;2200;2542;47.7131;18.7971
29595;Almaskamaras;kozseg;Mezokovacshazai;Bekes;1471;776;46.4608;21.0929
29601;Pilisborosjeno;kozseg;Pilisvorosvari;Pest;927;3788;47.6069;18.9918
29610;Biharugra;kozseg;Sarkadi;Bekes;5284;879;46.9689;21.5951
29629;Vertestolna;kozseg;Tatai;Komarom-Esztergom;1695;519;47.6243;18.4583
29638;Epol;kozseg;Esztergomi;Komarom-Esztergom;1252;622;47.6468;18.6381
29647;Domsod;nagykozseg;Rackevei;Pest;7242;5764;47.0948;19.007
29656;Pat;kozseg;Nagykanizsai;Zala;833;190;46.4427;17.1825
29665;Alsonana;kozseg;Szekszardi;Tolna;1314;667;46.2489;18.66
29674;Beret;kozseg;Encsi;Borsod-Abauj-Zemplen;677;292;48.3452;21.0243
29683;Zalatarnok;kozseg;Zalaegerszegi;Zala;2595;615;46.7009;16.7578
29692;Sorokpolany;kozseg;Szombathelyi;Vas;1329;803;47.1377;16.6757
29708;Felsogagy;kozseg;Encsi;Borsod-Abauj-Zemplen;1447;202;48.4296;21.0152
29717;Rakaca;kozseg;Edelenyi;Borsod-Abauj-Zemplen;1900;819;48.4589;20.883
29726;Tiszafured;varos;Tiszafuredi;Jasz-Nagykun-Szolnok;16219;10631;47.6131;20.7502
29735;Gyomro;varos;Monori;Pest;2651;18977;47.4223;19.3945
29753;Magyaregregy;kozseg;Komloi;Baranya;2681;709;46.251;18.3083
29762;Pettend;kozseg;Szigetvari;Baranya;598;134;46.0006;17.6999
29771;Gosfa;kozseg;Zalaegerszegi;Zala;1045;300;46.9602;16.8574
29780;Vizvar;kozseg;Barcsi;Somogy;3224;504;46.0895;17.2296
29799;Mehtelek;kozseg;Fehergyarmati;Szabolcs-Szatmar-Bereg;862;698;47.9318;22.8475
29805;Bezenye;kozseg;Mosonmagyarovari;Gyor-Moson-Sopron;3003;1256;47.9621;17.2162
29814;Alsovadasz;kozseg;Szikszoi;Borsod-Abauj-Zemplen;2290;1454;48.2405;20.906
29823;Tokol;varos;Szigetszentmiklosi;Pest;3849;10235;47.3227;18.9632
29832;Nogradmarcal;kozseg;Balassagyarmati;Nograd;1993;480;48.0273;19.3848
29841;Felsomarac;kozseg;Kormendi;Vas;1744;211;46.9334;16.5196
29850;Kisoroszi;kozseg;Szentendrei;Pest;1094;974;47.8078;19.0072
29869;Nagyrakos;kozseg;Kormendi;Vas;1611;243;46.8287;16.4585
29878;Torony;kozseg;Szombathelyi;Vas;1283;1999;47.2399;16.5297
29887;Bihartorda;kozseg;Puspokladanyi;Hajdu-Bihar;2238;916;47.2141;21.353
29896;Porpac;kozseg;Sarvari;Vas;620;130;47.2419;16.8022
29902;Bakonysag;kozseg;Papai;Veszprem;856;51;47.4004;17.6516
29911;Takos;kozseg;Vasarosnamenyi;Szabolcs-Szatmar-Bereg;1082;335;48.1539;22.4273
29920;Maraza;kozseg;Mohacsi;Baranya;970;163;46.0751;18.5136
29939;Felcsut;kozseg;Bicskei;Fejer;2202;1871;47.4545;18.5862
29948;Ipacsfa;kozseg;Siklosi;Baranya;601;178;45.8343;18.2046
29957;Kald;kozseg;Sarvari;Vas;4244;1036;47.1641;17.0449
29966;Homorud;kozseg;Mohacsi;Baranya;4473;514;45.9848;18.788
29975;Anarcs;kozseg;Kisvardai;Szabolcs-Szatmar-Bereg;1706;1930;48.1783;22.1033
29984;Magosliget;kozseg;Fehergyarmati;Szabolcs-Szatmar-Bereg;517;320;48.0547;22.8628
29993;Zalaerdod;kozseg;Sumegi;Veszprem;1769;218;47.0548;17.1422
30003;Vajdacska;kozseg;Sarospataki;Borsod-Abauj-Zemplen;2277;1252;48.3191;21.6543
30012;Rede;kozseg;Kisberi;Komarom-Esztergom;4588;1318;47.4312;17.9165
30021;Sarrod;kozseg;Soproni;Gyor-Moson-Sopron;4006;1025;47.6344;16.8608
30030;Dravaszerdahely;kozseg;Siklosi;Baranya;624;168;45.8363;18.1636
30049;Besence;kozseg;Sellyei;Baranya;958;102;45.8953;17.9663
30067;Szentpeterfolde;kozseg;Zalaegerszegi;Zala;1199;113;46.6155;16.7575
30076;Vatta;kozseg;Mezokovesdi;Borsod-Abauj-Zemplen;2334;913;47.9224;20.7403
30085;Szamostatarfalva;kozseg;Csengeri;Szabolcs-Szatmar-Bereg;450;306;47.8746;22.6649
30094;Csikostottos;kozseg;Dombovari;Tolna;1770;785;46.3405;18.1557
30100;Matraverebely;kozseg;Batonyterenyei;Nograd;1840;1846;47.973;19.7781
30119;Berzence;nagykozseg;Csurgoi;Somogy;5376;2483;46.206;17.1485
30128;Medgyesegyhaza;varos;Mezokovacshazai;Bekes;6429;3451;46.4981;21.0281
30137;Hercegkut;kozseg;Sarospataki;Borsod-Abauj-Zemplen;781;637;48.336;21.5288
30146;Szenyer;kozseg;Marcali;Somogy;2019;292;46.4626;17.3702
30155;Bacsszolos;kozseg;Bacsalmasi;Bacs-Kiskun;3883;346;46.1352;19.4212
30164;Korosujfalu;kozseg;Szeghalmi;Bekes;2530;397;46.9615;21.3994
30173;Kislod;kozseg;Ajkai;Veszprem;3818;1110;47.1447;17.6217
30182;Kolontar;kozseg;Devecseri;Veszprem;2172;645;47.0871;17.4738
30191;Cser;kozseg;Soproni;Gyor-Moson-Sopron;293;29;47.4175;16.933
30207;Borsodszentgyorgy;kozseg;Ozdi;Borsod-Abauj-Zemplen;2152;1178;48.1881;20.2033
30216;Hegyhatsal;kozseg;Kormendi;Vas;458;151;46.9601;16.6423
30225;Tardos;kozseg;Tatai;Komarom-Esztergom;2332;1682;47.6634;18.4449
30234;Mesterszallas;kozseg;Mezoturi;Jasz-Nagykun-Szolnok;4292;624;46.9539;20.4309
30243;Zamoly;kozseg;Szekesfehervari;Fejer;4850;2205;47.3183;18.414
30252;Borzavar;kozseg;Zirci;Veszprem;1300;710;47.2921;17.8287
30261;Dormand;kozseg;Fuzesabonyi;Heves;2006;1026;47.7215;20.4184
30270;Csecse;kozseg;Pasztoi;Nograd;2173;882;47.8655;19.6253
30289;Gyonk;varos;Tamasi;Tolna;3811;1853;46.5554;18.4783
30298;Tiszatardos;kozseg;Tokaji;Borsod-Abauj-Zemplen;893;218;48.0408;21.3794
30304;Tiszagyenda;kozseg;Kunhegyesi;Jasz-Nagykun-Szolnok;3693;943;47.3842;20.5084
30313;Zalalovo;varos;Zalaegerszegi;Zala;5264;2857;46.8462;16.5852
30322;Mezokovacshaza;varos;Mezokovacshazai;Bekes;6259;5787;46.4073;20.9236
30331;Vacegres;kozseg;Aszodi;Pest;1367;877;47.6751;19.3657
30340;Sajoszoged;kozseg;Tiszaujvarosi;Borsod-Abauj-Zemplen;1362;2292;47.9447;20.9923
30359;Gyulaj;kozseg;Dombovari;Tolna;7082;939;46.5054;18.2946
30368;Bagod;kozseg;Zalaegerszegi;Zala;1637;1209;46.8769;16.7438
30377;Tiszatarjan;kozseg;Mezocsati;Borsod-Abauj-Zemplen;4039;1391;47.8346;21.0011
30386;Tiszakurt;kozseg;Kunszentmartoni;Jasz-Nagykun-Szolnok;2837;1386;46.8849;20.1236
30395;Legend;kozseg;Retsagi;Nograd;1841;429;47.878;19.311
30401;Lorinci;varos;Hatvani;Heves;2353;5408;47.7401;19.6773
30410;Bakonyoszlop;kozseg;Zirci;Veszprem;1420;433;47.3445;17.9233
30429;Egyhazashollos;kozseg;Kormendi;Vas;1904;521;47.0551;16.6954
30438;Gorcsony;kozseg;Pecsi;Baranya;1852;1485;45.9696;18.1354
30447;Tibolddaroc;kozseg;Mezokovesdi;Borsod-Abauj-Zemplen;3031;1288;47.9208;20.6376
30456;Miskolc;megyeszekhely;Miskolci;Borsod-Abauj-Zemplen;23667;154521;48.1031;20.79
30465;Tihany;kozseg;Balatonfuredi;Veszprem;2733;1353;46.9122;17.8918
30474;Babocsa;kozseg;Barcsi;Somogy;3099;1462;46.0371;17.3463
30483;Forro;kozseg;Encsi;Borsod-Abauj-Zemplen;1903;2567;48.3224;21.0866
30492;Mekenyes;kozseg;Hegyhati;Baranya;1777;274;46.3894;18.3336
30508;Karos;kozseg;Cigandi;Borsod-Abauj-Zemplen;1532;470;48.3321;21.743
30517;Tornaszentjakab;kozseg;Edelenyi;Borsod-Abauj-Zemplen;2822;210;48.5217;20.8676
30526;Alsoors;kozseg;Balatonfuredi;Veszprem;3334;1846;46.9883;17.9771
30535;Doc;kozseg;Szegedi;Csongrad;4943;652;46.4379;20.1369
30544;Csabdi;kozseg;Bicskei;Fejer;1702;1267;47.5228;18.6058
30553;Kornye;kozseg;Tatabanyai;Komarom-Esztergom;4536;4566;47.5476;18.3319
30562;Medina;kozseg;Szekszardi;Tolna;2224;777;46.4739;18.6434
30571;Golle;kozseg;Kaposvari;Somogy;4469;804;46.4412;18.0137
30580;Somogyacsa;kozseg;Tabi;Somogy;2446;136;46.592;17.9539
30599;Mikosszeplak;kozseg;Vasvari;Vas;1866;292;47.0324;16.9746
30605;Kaskantyu;kozseg;Kiskorosi;Bacs-Kiskun;5828;971;46.6715;19.387
30614;Csarnota;kozseg;Siklosi;Baranya;533;140;45.8943;18.2191
30623;Tiszakecske;varos;Tiszakecskei;Bacs-Kiskun;13327;12064;46.9315;20.1045
30632;Miske;kozseg;Kalocsai;Bacs-Kiskun;4227;1575;46.4424;19.0321
30641;Csenger;varos;Csengeri;Szabolcs-Szatmar-Bereg;3616;4874;47.8364;22.6795
30650;Koszarhegy;kozseg;Szekesfehervari;Fejer;590;1475;47.092;18.3422
30669;Borsodbota;kozseg;Ozdi;Borsod-Abauj-Zemplen;813;832;48.2118;20.3964
30678;Fenyofo;kozseg;Pannonhalmi;Gyor-Moson-Sopron;2965;104;47.3501;17.7662
30696;Kartal;nagykozseg;Aszodi;Pest;2913;5711;47.6679;19.5311
30702;Vaskeresztes;kozseg;Szombathelyi;Vas;912;339;47.194;16.4487
30711;Jaszalsoszentgyorgy;kozseg;Jaszapati;Jasz-Nagykun-Szolnok;4767;3142;47.3718;20.0911
30720;Taksony;nagykozseg;Szigetszentmiklosi;Pest;2085;6269;47.33;19.0624
30739;Szerencs;varos;Szerencsi;Borsod-Abauj-Zemplen;3668;8581;48.1634;21.2011
30748;Sitke;kozseg;Sarvari;Vas;2720;741;47.2428;17.0243
30757;Petrivente;kozseg;Letenyei;Zala;765;320;46.4402;16.8403
30766;Oroszlany;varos;Oroszlanyi;Komarom-Esztergom;7586;18402;47.4897;18.3148
30775;Hosszuviz;kozseg;Marcali;Somogy;710;41;46.5171;17.4434
30784;Bodrogkeresztur;kozseg;Tokaji;Borsod-Abauj-Zemplen;2988;1050;48.1588;21.3607
30793;Salfold;kozseg;Tapolcai;Veszprem;518;64;46.834;17.5501
30809;Leanyfalu;nagykozseg;Szentendrei;Pest;1537;3810;47.7189;19.0888
30827;Kisbereny;kozseg;Fonyodi;Somogy;746;161;46.6377;17.6587
30836;Hosszuheteny;kozseg;Pecsi;Baranya;4527;3383;46.1613;18.3528
30845;Tiszagyulahaza;kozseg;Hajdunanasi;Hajdu-Bihar;2078;670;47.9431;21.1413
30854;Mezocsokonya;kozseg;Kaposvari;Somogy;3078;1172;46.4317;17.6476
30863;Raksi;kozseg;Kaposvari;Somogy;1517;405;46.5131;17.9208
30872;Megyehid;kozseg;Sarvari;Vas;599;311;47.2117;16.8415
30881;Repcelak;varos;Sarvari;Vas;1382;2630;47.4195;17.0154
30890;Felsoszenterzsebet;kozseg;Lenti;Zala;824;16;46.7526;16.4551
30906;Gasztony;kozseg;Szentgotthardi;Vas;1427;411;46.9646;16.4533
30915;Vanyarc;kozseg;Pasztoi;Nograd;3222;1191;47.8247;19.4514
30924;Csabrendek;nagykozseg;Sumegi;Veszprem;4493;2988;47.0132;17.2896
30933;Nagykanizsa;megyei_jogu_varos;Nagykanizsai;Zala;14840;46649;46.4548;16.9924
30942;Gersekarat;kozseg;Vasvari;Vas;1992;634;46.9801;16.7422
30951;Hegyhatmaroc;kozseg;Komloi;Baranya;759;129;46.3114;18.3364
30960;Gyekenyes;kozseg;Csurgoi;Somogy;3376;930;46.2372;17.009
30979;Levelek;nagykozseg;Baktaloranthazai;Szabolcs-Szatmar-Bereg;2572;2922;47.9654;21.9868
30988;Erd;megyei_jogu_varos;Erdi;Pest;6331;68211;47.3772;18.9214
30997;Semjenhaza;kozseg;Letenyei;Zala;470;571;46.3974;16.8476
31006;Bozsva;kozseg;Satoraljaujhelyi;Borsod-Abauj-Zemplen;1639;177;48.4746;21.4677
31015;Szalaszend;kozseg;Encsi;Borsod-Abauj-Zemplen;1822;1008;48.3901;21.1251
31024;Kistelek;varos;Kisteleki;Csongrad;6919;6990;46.4705;19.9812
31033;Mezopeterd;kozseg;Berettyoujfalui;Hajdu-Bihar;1823;574;47.1667;21.6188
31042;Tepe;kozseg;Derecskei;Hajdu-Bihar;2322;1050;47.3195;21.5722
31051;Vamoscsalad;kozseg;Sarvari;Vas;1178;296;47.3898;16.9709
31060;Szava;kozseg;Siklosi;Baranya;1264;307;45.9021;18.1767
31079;Ottomos;kozseg;Morahalmi;Csongrad;3091;658;46.2819;19.6814
31088;Szekely;kozseg;Kemecsei;Szabolcs-Szatmar-Bereg;1608;1025;48.0598;21.9364
31097;Hajdusamson;varos;Debreceni;Hajdu-Bihar;6947;13269;47.599;21.7537
31103;Balinka;kozseg;Mori;Fejer;1862;874;47.3127;18.1889
31112;Poloskefo;kozseg;Nagykanizsai;Zala;1232;341;46.6027;16.9468
31121;Santos;kozseg;Kaposvari;Somogy;1138;498;46.3441;17.883
31130;Korosszakal;kozseg;Berettyoujfalui;Hajdu-Bihar;1502;780;47.0194;21.5972
31149;Csonkahegyhat;kozseg;Zalaegerszegi;Zala;828;315;46.801;16.72
31158;Nyirbogat;nagykozseg;Nyirbatori;Szabolcs-Szatmar-Bereg;5535;3025;47.8015;22.062
31167;Hollohaza;kozseg;Satoraljaujhelyi;Borsod-Abauj-Zemplen;236;712;48.5417;21.4126
31185;Kisvejke;kozseg;Bonyhadi;Tolna;1133;363;46.3811;18.414
31194;Lovo;kozseg;Soproni;Gyor-Moson-Sopron;1747;1422;47.5035;16.7827
31200;Hernadnemeti;nagykozseg;Miskolci;Borsod-Abauj-Zemplen;2876;3394;48.0712;20.9771
31219;Somogyaszalo;kozseg;Kaposvari;Somogy;2212;764;46.4588;17.8069
31228;Vegegyhaza;kozseg;Mezokovacshazai;Bekes;2894;1278;46.3873;20.8713
31237;Szatmarcseke;kozseg;Fehergyarmati;Szabolcs-Szatmar-Bereg;3629;1574;48.0852;22.6297
31246;Visonta;kozseg;Gyongyosi;Heves;2529;1165;47.7797;20.0269
31255;Papateszer;kozseg;Papai;Veszprem;3074;1143;47.3819;17.6995
31264;Vertesszolos;kozseg;Tatabanyai;Komarom-Esztergom;1712;3195;47.6206;18.3813
31273;Szamosujlak;kozseg;Fehergyarmati;Szabolcs-Szatmar-Bereg;527;316;47.9178;22.5867
31282;Mikofalva;kozseg;Belapatfalvai;Heves;1441;673;48.0556;20.3158
31291;Bocska;kozseg;Nagykanizsai;Zala;738;290;46.5528;16.9161
31307;Adorjanhaza;kozseg;Devecseri;Veszprem;1142;342;47.2431;17.2395
31316;Gyorsag;kozseg;Gyori;Gyor-Moson-Sopron;820;1471;47.5802;17.7522
31325;Szabadkigyos;kozseg;Bekescsabai;Bekes;4556;2426;46.6012;21.076
31334;Csabacsud;nagykozseg;Szarvasi;Bekes;6685;1653;46.825;20.6504
31343;Mosdos;kozseg;Kaposvari;Somogy;1695;901;46.3535;17.9869
31352;Darany;kozseg;Barcsi;Somogy;2810;861;45.9814;17.589
31361;Koka;kozseg;Nagykatai;Pest;4436;4376;47.4892;19.5806
31370;Pusztacsalad;kozseg;Soproni;Gyor-Moson-Sopron;2406;285;47.487;16.9031
31389;Lothard;kozseg;Pecsi;Baranya;1046;230;46.001;18.3531
31398;Tyukod;nagykozseg;Csengeri;Szabolcs-Szatmar-Bereg;6218;1986;47.8517;22.5532
31404;Kallosemjen;nagykozseg;Nagykalloi;Szabolcs-Szatmar-Bereg;5452;3519;47.8603;21.9249
31413;Keszeg;kozseg;Retsagi;Nograd;995;669;47.8364;19.2378
31422;Bana;kozseg;Komaromi;Komarom-Esztergom;2511;1596;47.6505;17.9196
31431;Husztot;kozseg;Pecsi;Baranya;675;57;46.172;18.0927
31440;Fertoszeplak;kozseg;Soproni;Gyor-Moson-Sopron;2178;1331;47.617;16.8343
31459;Tevel;kozseg;Bonyhadi;Tolna;2527;1305;46.4125;18.4556
31468;Fulophaza;kozseg;Kecskemeti;Bacs-Kiskun;4706;820;46.8923;19.4448
31477;Nyirjako;kozseg;Baktaloranthazai;Szabolcs-Szatmar-Bereg;1034;896;48.029;22.0746
31486;Nagyrede;nagykozseg;Gyongyosi;Heves;3434;3197;47.7655;19.8503
31501;Dunafoldvar;varos;Paksi;Tolna;11142;8443;46.8104;18.9223
31510;Szegilong;kozseg;Tokaji;Borsod-Abauj-Zemplen;694;219;48.219;21.4004
31529;Kerecseny;kozseg;Nagykanizsai;Zala;1283;213;46.6254;17.0454
31538;Sarszentagota;kozseg;Sarbogardi;Fejer;4550;1290;46.9706;18.5666
31556;Nemesmedves;kozseg;Szentgotthardi;Vas;474;27;46.9978;16.4017
31565;Monosbel;kozseg;Belapatfalvai;Heves;1378;395;48.0377;20.3364
31574;Kevermes;nagykozseg;Mezokovacshazai;Bekes;4334;1856;46.4172;21.1843
31583;Szentgotthard;varos;Szentgotthardi;Vas;6773;8819;46.9529;16.2749
31592;Redics;kozseg;Lenti;Zala;2533;850;46.6149;16.4847
31608;Zemplenagard;kozseg;Cigandi;Borsod-Abauj-Zemplen;2909;697;48.3625;22.069
31617;Zalamerenye;kozseg;Nagykanizsai;Zala;1399;156;46.5746;17.0961
31626;Kunsziget;kozseg;Gyori;Gyor-Moson-Sopron;1787;1275;47.7394;17.5152
31635;Ivan;kozseg;Soproni;Gyor-Moson-Sopron;5474;1235;47.4413;16.9108
31644;Fiad;kozseg;Tabi;Somogy;1491;97;46.634;17.8381
31653;Albertirsa;varos;Cegledi;Pest;7300;12792;47.2457;19.6128
31662;Mezotarkany;kozseg;Fuzesabonyi;Heves;4061;1550;47.7219;20.4761
31671;Felsotelekes;kozseg;Kazincbarcikai;Borsod-Abauj-Zemplen;845;628;48.4075;20.636
31680;Ivanc;kozseg;Kormendi;Vas;1714;678;46.9394;16.4984
31699;Cseteny;kozseg;Zirci;Veszprem;1837;1842;47.3172;17.9963
31705;Sandorfalva;varos;Szegedi;Csongrad;5577;8010;46.3657;20.1042
31714;Sosvertike;kozseg;Sellyei;Baranya;660;148;45.8354;17.8617
31723;Felsokelecseny;kozseg;Putnoki;Borsod-Abauj-Zemplen;799;319;48.3587;20.5935
31732;Nagymaros;varos;Szobi;Pest;3437;4905;47.7891;18.9587
31741;Pacsa;varos;Zalaegerszegi;Zala;2271;1576;46.7225;17.0098
31750;Milota;kozseg;Fehergyarmati;Szabolcs-Szatmar-Bereg;1539;954;48.1036;22.7803
31769;Okoritofulpos;nagykozseg;Mateszalkai;Szabolcs-Szatmar-Bereg;3342;1799;47.919;22.509
31778;Olaszliszka;kozseg;Sarospataki;Borsod-Abauj-Zemplen;3949;1706;48.2436;21.4362
31787;Gyorujfalu;kozseg;Gyori;Gyor-Moson-Sopron;737;2201;47.7212;17.6082
31796;Tapioszecso;nagykozseg;Nagykatai;Pest;3838;6060;47.4506;19.6077
31802;Sarkeresztes;kozseg;Szekesfehervari;Fejer;2327;1492;47.2526;18.3526
31811;Danszentmiklos;kozseg;Cegledi;Pest;3800;2762;47.2077;19.5561
31820;Uszka;kozseg;Fehergyarmati;Szabolcs-Szatmar-Bereg;735;557;48.0744;22.8576
31839;Ujronafo;kozseg;Mosonmagyarovari;Gyor-Moson-Sopron;4863;873;47.8107;17.202
31848;Gara;kozseg;Bajai;Bacs-Kiskun;5996;2265;46.0342;19.0387
31857;Ramocsahaza;kozseg;Baktaloranthazai;Szabolcs-Szatmar-Bereg;1812;1460;48.0409;21.9893
31866;Tiszavarkony;kozseg;Szolnoki;Jasz-Nagykun-Szolnok;3562;1514;47.0676;20.1772
31875;Mesterhaza;kozseg;Sarvari;Vas;419;147;47.3736;16.8633
31884;Repashuta;kozseg;Miskolci;Borsod-Abauj-Zemplen;1679;418;48.0488;20.5271
31893;Kunszallas;kozseg;Kecskemeti;Bacs-Kiskun;2085;1667;46.7606;19.7524
31909;Rasonysapberencs;kozseg;Szikszoi;Borsod-Abauj-Zemplen;912;515;48.3076;20.9951
31918;Kunpeszer;kozseg;Kunszentmiklosi;Bacs-Kiskun;7755;684;47.0631;19.281
31927;Beremend;nagykozseg;Siklosi;Baranya;4826;2306;45.7847;18.4346
31936;Illocska;kozseg;Siklosi;Baranya;1510;241;45.8008;18.5223
31945;Papa;varos;Papai;Veszprem;9162;30492;47.3261;17.4705
31954;Debrete;kozseg;Edelenyi;Borsod-Abauj-Zemplen;962;10;48.4997;20.866
31963;Tahitotfalu;kozseg;Szentendrei;Pest;3917;5795;47.7542;19.0843
31972;Paszab;kozseg;Ibranyi;Szabolcs-Szatmar-Bereg;1296;1162;48.1415;21.6654
31981;Marokfold;kozseg;Lenti;Zala;744;39;46.7162;16.4405
31990;Sur;kozseg;Kisberi;Komarom-Esztergom;3735;1204;47.3702;18.029
32009;Szentdenes;kozseg;Szentlorinci;Baranya;1215;277;46.0052;17.928
32018;Iszkaszentgyorgy;kozseg;Szekesfehervari;Fejer;2627;2089;47.2382;18.295
32027;Bugyi;nagykozseg;Dabasi;Pest;11555;5180;47.222;19.149
32036;Keled;kozseg;Celldomolki;Vas;872;106;47.0759;17.1169
32045;Taplanszentkereszt;kozseg;Szombathelyi;Vas;2008;2552;47.1986;16.6967
32054;Zalaegerszeg;megyeszekhely;Zalaegerszegi;Zala;10246;57403;46.8416;16.8456
32063;Kavas;kozseg;Zalaegerszegi;Zala;664;237;46.862;16.7087
32072;Teklafalu;kozseg;Szigetvari;Baranya;1676;246;45.9497;17.7283
32081;Alsopahok;kozseg;Keszthelyi;Zala;1802;1427;46.7613;17.1739
32090;Kirald;kozseg;Putnoki;Borsod-Abauj-Zemplen;788;741;48.2497;20.3883
32106;Inarcs;nagykozseg;Dabasi;Pest;2253;4606;47.2609;19.3291
32115;Otvoskonyi;kozseg;Nagyatadi;Somogy;2771;917;46.2876;17.3599
32124;Berbaltavar;kozseg;Vasvari;Vas;2567;506;47.0101;16.969
32133;Sersekszolos;kozseg;Tabi;Somogy;665;131;46.7629;18.0166
32142;Vindornyafok;kozseg;Keszthelyi;Zala;350;106;46.8566;17.1772
32151;Bogad;kozseg;Pecsi;Baranya;784;1021;46.0839;18.3222
32160;Sasd;varos;Hegyhati;Baranya;1488;2935;46.256;18.1066
32179;Kal;nagykozseg;Fuzesabonyi;Heves;3481;3399;47.7339;20.2592
32188;Hegyfalu;kozseg;Sarvari;Vas;1189;761;47.354;16.8823
32197;Ujudvar;kozseg;Nagykanizsai;Zala;1631;930;46.5364;16.985
32203;Fehervarcsurgo;kozseg;Mori;Fejer;2964;1956;47.2906;18.2658
32212;Marko;kozseg;Veszpremi;Veszprem;3441;1504;47.1211;17.8144
32221;Kulsosard;kozseg;Lenti;Zala;152;64;46.6275;16.4863
32230;Kakucs;kozseg;Dabasi;Pest;2180;3056;47.2416;19.3667
32249;Arpas;kozseg;Teti;Gyor-Moson-Sopron;1426;242;47.5134;17.3937
32258;Szakacsi;kozseg;Edelenyi;Borsod-Abauj-Zemplen;863;190;48.3813;20.8634
32267;Kiliman;kozseg;Nagykanizsai;Zala;572;219;46.6377;16.995
32276;Devecser;varos;Devecseri;Veszprem;6411;4167;47.1041;17.4364
32285;Csengele;kozseg;Kisteleki;Csongrad;6066;1865;46.5396;19.8671
32294;Nyirabrany;nagykozseg;Nyiradonyi;Hajdu-Bihar;5559;3697;47.5495;22.0208
32300;Nogradkovesd;kozseg;Balassagyarmati;Nograd;899;709;47.8744;19.3737
32319;Cserhatszentivan;kozseg;Pasztoi;Nograd;1066;95;47.9399;19.5803
32328;Encsencs;kozseg;Nyirbatori;Szabolcs-Szatmar-Bereg;3190;1863;47.7442;22.1144
32337;Bate;kozseg;Kaposvari;Somogy;1028;792;46.359;17.9628
32346;Almasfuzito;kozseg;Komaromi;Komarom-Esztergom;818;2145;47.7264;18.2625
32355;Libickozma;kozseg;Marcali;Somogy;2297;25;46.5226;17.5334
32364;Nagylok;kozseg;Sarbogardi;Fejer;3244;1079;46.976;18.6422
32373;Diosviszlo;kozseg;Siklosi;Baranya;1581;662;45.8771;18.1631
32382;Nyirmartonfalva;kozseg;Nyiradonyi;Hajdu-Bihar;5748;1971;47.5829;21.9029
32391;Dravaivanyi;kozseg;Sellyei;Baranya;1101;171;45.8468;17.8181
32407;Magyarnandor;kozseg;Balassagyarmati;Nograd;1867;1010;47.9676;19.3488
32416;Tengod;kozseg;Tabi;Somogy;3021;374;46.6994;18.097
32425;Peterd;kozseg;Siklosi;Baranya;1060;210;45.9718;18.3624
32434;Kiskunhalas;varos;Kiskunhalasi;Bacs-Kiskun;22758;27017;46.4278;19.4833
32452;Nyirkata;kozseg;Mateszalkai;Szabolcs-Szatmar-Bereg;3863;1954;47.8657;22.245
32461;Szilvasszentmarton;kozseg;Kaposvari;Somogy;708;209;46.2683;17.7238
32470;Somogybabod;kozseg;Fonyodi;Somogy;1058;420;46.6754;17.7768
32489;Szegvar;nagykozseg;Szentesi;Csongrad;8622;4182;46.5851;20.2219
32498;Kondo;kozseg;Miskolci;Borsod-Abauj-Zemplen;1963;592;48.1897;20.6404
32504;Kunszentmarton;varos;Kunszentmartoni;Jasz-Nagykun-Szolnok;14365;7976;46.8399;20.2909
32513;Pordefolde;kozseg;Lenti;Zala;1912;49;46.5854;16.7064
32522;Zalaszentgrot;varos;Zalaszentgroti;Zala;7465;6172;46.9438;17.079
32531;Serenyfalva;kozseg;Putnoki;Borsod-Abauj-Zemplen;1964;968;48.313;20.3889
32540;Nemesnadudvar;kozseg;Bajai;Bacs-Kiskun;5878;1723;46.3392;19.0522
32559;Godollo;varos;Godolloi;Pest;6193;32099;47.6015;19.3477
32568;Ujszentmargita;kozseg;Balmazujvarosi;Hajdu-Bihar;9622;1368;47.7272;21.1028
32577;Papos;kozseg;Mateszalkai;Szabolcs-Szatmar-Bereg;1067;848;47.9857;22.2493
32586;Verteskethely;kozseg;Kisberi;Komarom-Esztergom;1746;541;47.4854;18.0815
32595;Denesfa;kozseg;Kapuvari;Gyor-Moson-Sopron;1754;316;47.4568;17.0313
32601;Somogytur;kozseg;Fonyodi;Somogy;3530;439;46.7072;17.7654
32610;Fot;varos;Dunakeszi;Pest;3740;20097;47.6126;19.198
32629;Ostffyasszonyfa;kozseg;Celldomolki;Vas;3431;756;47.3275;17.0428
32638;Tornyiszentmiklos;kozseg;Lenti;Zala;1856;520;46.5162;16.5564
32647;Kerkateskand;kozseg;Lenti;Zala;894;157;46.5738;16.571
32656;Mezoladany;kozseg;Kisvardai;Szabolcs-Szatmar-Bereg;1407;1044;48.2742;22.2229
32665;Nemesnep;kozseg;Lenti;Zala;972;110;46.7011;16.4576
32674;Rinyakovacsi;kozseg;Kaposvari;Somogy;1109;170;46.2827;17.597
32683;Perecse;kozseg;Encsi;Borsod-Abauj-Zemplen;1254;29;48.5017;20.9822
32692;Penyige;kozseg;Fehergyarmati;Szabolcs-Szatmar-Bereg;1890;709;47.9984;22.5683
32708;Dobronhegy;kozseg;Zalaegerszegi;Zala;215;139;46.8163;16.7473
32717;Feketeerdo;kozseg;Mosonmagyarovari;Gyor-Moson-Sopron;674;580;47.9357;17.2787
32726;Kisrecse;kozseg;Nagykanizsai;Zala;342;187;46.5002;17.0614
32735;Attala;kozseg;Dombovari;Tolna;2064;744;46.3766;18.0661
32744;Tesenfa;kozseg;Siklosi;Baranya;840;197;45.8129;18.1181
32753;Deg;kozseg;Enyingi;Fejer;4689;2126;46.8728;18.4478
32762;Felsonyarad;kozseg;Putnoki;Borsod-Abauj-Zemplen;1167;935;48.33;20.5984
32771;Kocser;kozseg;Nagykorosi;Pest;6728;1834;47.002;19.9224
32780;Simonfa;kozseg;Kaposvari;Somogy;1100;344;46.284;17.823
32799;Barcs;varos;Barcsi;Somogy;12290;10293;45.9605;17.4634
32805;Nagykorpad;kozseg;Nagyatadi;Somogy;3342;530;46.2607;17.4556
32814;Csogle;kozseg;Devecseri;Veszprem;1691;562;47.2191;17.2548
32823;Bugac;nagykozseg;Kiskunfelegyhazi;Bacs-Kiskun;13111;2565;46.6889;19.6821
32832;Meszlen;kozseg;Szombathelyi;Vas;1202;196;47.3295;16.7014
32841;Szentborbas;kozseg;Barcsi;Somogy;747;92;45.8755;17.6596
32850;Varalja;kozseg;Bonyhadi;Tolna;2113;817;46.2678;18.4285
32869;Kersemjen;kozseg;Fehergyarmati;Szabolcs-Szatmar-Bereg;708;267;48.0232;22.4165
32878;Csot;kozseg;Papai;Veszprem;2002;910;47.3606;17.6034
32887;Bukkzserc;kozseg;Mezokovesdi;Borsod-Abauj-Zemplen;3725;918;47.9549;20.5064
32896;Tar;kozseg;Pasztoi;Nograd;2734;1792;47.9505;19.7442
32902;Kehidakustany;kozseg;Zalaszentgroti;Zala;1975;1194;46.843;17.0943
32911;Ber;kozseg;Pasztoi;Nograd;2549;344;47.8653;19.5019
32920;Nagykolked;kozseg;Kormendi;Vas;978;156;47.0659;16.5546
32939;Nagylozs;kozseg;Soproni;Gyor-Moson-Sopron;1924;1059;47.567;16.7704
32948;Nemesbuk;kozseg;Keszthelyi;Zala;998;787;46.8217;17.1444
32957;Elek;varos;Gyulai;Bekes;5491;4513;46.5294;21.2526
32966;Tarnabod;kozseg;Hevesi;Heves;1033;666;47.6844;20.2255
32975;Korostetetlen;kozseg;Cegledi;Pest;3265;820;47.0987;20.0219
32984;Bucsu;kozseg;Szombathelyi;Vas;1654;558;47.2618;16.4944
32993;Kacs;kozseg;Mezokovesdi;Borsod-Abauj-Zemplen;1670;430;47.9565;20.6152
33002;Bodolyaber;kozseg;Komloi;Baranya;909;199;46.1979;18.1186
33011;Szecsenyfelfalu;kozseg;Szecsenyi;Nograd;822;374;48.1447;19.5688
33020;Forraskut;kozseg;Morahalmi;Csongrad;3667;2175;46.366;19.9093
33039;Zalameggyes;kozseg;Sumegi;Veszprem;256;43;47.0808;17.2195
33048;Encs;varos;Encsi;Borsod-Abauj-Zemplen;2580;6198;48.3306;21.1222
33057;Zics;kozseg;Tabi;Somogy;1501;302;46.6782;17.9761
33066;Ibafa;kozseg;Szigetvari;Baranya;2930;194;46.1549;17.9172
33075;Tarhos;kozseg;Bekesi;Bekes;5745;766;46.8121;21.2127
33084;Gordisa;kozseg;Siklosi;Baranya;1088;253;45.7972;18.2362
33093;Alacska;kozseg;Kazincbarcikai;Borsod-Abauj-Zemplen;856;702;48.2155;20.6516
33109;Csatka;kozseg;Kisberi;Komarom-Esztergom;1777;208;47.3793;17.9773
33118;Csomad;kozseg;Dunakeszi;Pest;1238;1682;47.6548;19.2369
33127;Berhida;varos;Varpalotai;Veszprem;4272;5613;47.111;18.1339
33136;Zalaszentgyorgy;kozseg;Zalaegerszegi;Zala;983;384;46.8723;16.7042
33145;Nyirpazony;nagykozseg;Nyiregyhazi;Szabolcs-Szatmar-Bereg;1506;3494;47.9808;21.7991
33154;Boly;varos;Bolyi;Baranya;2538;3824;45.9693;18.5161
33163;Dad;kozseg;Oroszlanyi;Komarom-Esztergom;2375;976;47.5182;18.2254
33172;Szeleste;kozseg;Sarvari;Vas;2075;673;47.313;16.8312
33181;Nagyrozvagy;kozseg;Cigandi;Borsod-Abauj-Zemplen;2681;615;48.3433;21.9197
33190;Doboz;nagykozseg;Bekescsabai;Bekes;5447;4006;46.7344;21.2414
33206;Kisecset;kozseg;Retsagi;Nograd;862;159;47.9371;19.3086
33215;Kisnyarad;kozseg;Mohacsi;Baranya;903;151;46.0365;18.5648
33224;Marokpapi;kozseg;Vasarosnamenyi;Szabolcs-Szatmar-Bereg;2118;590;48.1487;22.5084
33233;Godre;kozseg;Hegyhati;Baranya;3993;781;46.2864;17.9727
33242;Holloko;kozseg;Szecsenyi;Nograd;518;347;47.9975;19.5916
33251;Felpec;kozseg;Teti;Gyor-Moson-Sopron;2247;906;47.5231;17.5986
33260;Belapatfalva;varos;Belapatfalvai;Heves;3663;2931;48.053;20.3485
33279;Alsoszentmarton;kozseg;Siklosi;Baranya;1361;1207;45.7909;18.3048
33288;Zalaszanto;kozseg;Keszthelyi;Zala;3773;884;46.8878;17.2258
33297;Hunya;kozseg;Gyomaendrodi;Bekes;3257;609;46.812;20.8443
33303;Bodvarako;kozseg;Edelenyi;Borsod-Abauj-Zemplen;922;84;48.5103;20.7364
33312;Felsotold;kozseg;Pasztoi;Nograd;1083;115;47.9682;19.6093
33321;Soponya;nagykozseg;Szekesfehervari;Fejer;4996;1721;47.0111;18.4558
33330;Lanycsok;kozseg;Mohacsi;Baranya;2540;2380;46.0048;18.6236
33349;Mocseny;kozseg;Bonyhadi;Tolna;1215;358;46.2592;18.5902
33358;Terem;kozseg;Nyirbatori;Szabolcs-Szatmar-Bereg;4951;663;47.7978;22.2785
33367;Szeged;megyeszekhely;Szegedi;Csongrad;28099;160766;46.2546;20.1486
33376;Miklosi;kozseg;Tabi;Somogy;1047;187;46.6473;17.9963
33385;Acsalag;kozseg;Csornai;Gyor-Moson-Sopron;1042;474;47.6753;17.1989
33394;Kapoly;kozseg;Tabi;Somogy;2237;635;46.7308;17.9702
33400;Kishartyan;kozseg;Salgotarjani;Nograd;895;508;48.0841;19.7041
33419;Perkupa;kozseg;Edelenyi;Borsod-Abauj-Zemplen;1939;782;48.4708;20.6905
33428;Egervar;kozseg;Zalaegerszegi;Zala;1028;1009;46.9356;16.8537
33437;Szerep;kozseg;Puspokladanyi;Hajdu-Bihar;5604;1580;47.2274;21.141
33446;Bedo;kozseg;Berettyoujfalui;Hajdu-Bihar;1020;309;47.164;21.7503
33455;Gyomaendrod;varos;Gyomaendrodi;Bekes;30394;12784;46.9358;20.8261
33482;Satorhely;kozseg;Mohacsi;Baranya;1760;588;45.9415;18.6318
33491;Szarliget;kozseg;Tatabanyai;Komarom-Esztergom;1456;2475;47.5184;18.4936
33516;Szakszend;kozseg;Oroszlanyi;Komarom-Esztergom;3593;1432;47.5502;18.1694
33525;Matraterenye;kozseg;Batonyterenyei;Nograd;2813;1776;48.031;19.9483
33534;Batonyterenye;varos;Batonyterenyei;Nograd;7892;11616;47.9956;19.8272
33543;Nagyszentjanos;kozseg;Gyori;Gyor-Moson-Sopron;3030;1793;47.7092;17.8712
33552;Herceghalom;kozseg;Budakeszi;Pest;734;2762;47.4962;18.7449
33561;Apaj;kozseg;Rackevei;Pest;7104;1154;47.114;19.0883
33570;Porboly;kozseg;Szekszardi;Tolna;1111;527;46.2051;18.8124
33589;Ersekhalma;kozseg;Bajai;Bacs-Kiskun;2756;550;46.3482;19.1227
33598;Felsolajos;kozseg;Kecskemeti;Bacs-Kiskun;1141;885;47.0661;19.4959
33604;Ujtelek;kozseg;Kalocsai;Bacs-Kiskun;956;345;46.5891;19.0579
33613;Szentegat;kozseg;Szigetvari;Baranya;2778;353;45.9777;17.8237
33622;Fulopjakab;kozseg;Kecskemeti;Bacs-Kiskun;2316;1128;46.742;19.7225
33631;Bugacpusztahaza;kozseg;Kiskunfelegyhazi;Bacs-Kiskun;4300;250;46.7011;19.6358
33640;Csem;kozseg;Komaromi;Komarom-Esztergom;628;384;47.6822;18.0889
33659;Ujdombrad;kozseg;Kisvardai;Szabolcs-Szatmar-Bereg;1078;736;48.1951;21.8667
33668;Lebeny;varos;Mosonmagyarovari;Gyor-Moson-Sopron;8139;3355;47.7355;17.3906
33677;Mosonszentmiklos;kozseg;Gyori;Gyor-Moson-Sopron;3071;2457;47.7287;17.4271
33686;Petofibanya;kozseg;Hatvani;Heves;1111;2523;47.7661;19.7019
33695;Kisfalud;kozseg;Kapuvari;Gyor-Moson-Sopron;1510;741;47.5294;17.0884
33701;Rabacsecseny;kozseg;Teti;Gyor-Moson-Sopron;1568;590;47.5878;17.4233
33710;Rabaszentmihaly;kozseg;Teti;Gyor-Moson-Sopron;1097;463;47.5788;17.4332
33729;Veroce;kozseg;Szobi;Pest;2033;3963;47.8231;19.034
33738;Kismaros;kozseg;Szobi;Pest;1196;2367;47.8266;19.0129
33747;Tiszavid;kozseg;Vasarosnamenyi;Szabolcs-Szatmar-Bereg;1075;559;48.1948;22.2946
33756;Maza;kozseg;Komloi;Baranya;1069;1138;46.273;18.3981
33765;Szaszvar;nagykozseg;Komloi;Baranya;2117;2225;46.2744;18.3783
33774;Gyure;kozseg;Vasarosnamenyi;Szabolcs-Szatmar-Bereg;1587;1291;48.1759;22.2669
33783;Nagyvarsany;kozseg;Vasarosnamenyi;Szabolcs-Szatmar-Bereg;1255;1398;48.1602;22.2784
33792;Lakhegy;kozseg;Zalaegerszegi;Zala;860;446;46.9522;16.8323
33808;Bodrogkisfalud;kozseg;Tokaji;Borsod-Abauj-Zemplen;1467;880;48.1728;21.3575
33817;Szegi;kozseg;Tokaji;Borsod-Abauj-Zemplen;905;261;48.1988;21.3816
33826;Neszmely;kozseg;Tatai;Komarom-Esztergom;2772;1299;47.7358;18.3655
33835;Dunaalmas;kozseg;Tatai;Komarom-Esztergom;1483;1648;47.7334;18.3351
33844;Balatonrendes;kozseg;Tapolcai;Veszprem;676;129;46.8274;17.5858
33853;Balatonboglar;varos;Fonyodi;Somogy;3204;5456;46.7785;17.6553
33862;Balatonlelle;varos;Fonyodi;Somogy;4323;5198;46.7868;17.6965
33871;Egeralja;kozseg;Devecseri;Veszprem;894;219;47.2369;17.2406
33880;Patvarc;kozseg;Balassagyarmati;Nograd;784;675;48.0654;19.3484
33899;Nagydobsza;kozseg;Szigetvari;Baranya;1323;601;46.0349;17.6657
33905;Kisdobsza;kozseg;Szigetvari;Baranya;995;241;46.031;17.6542
33914;Tarjanpuszta;kozseg;Pannonhalmi;Gyor-Moson-Sopron;844;396;47.5053;17.7861
33923;Manfa;kozseg;Komloi;Baranya;2770;687;46.1614;18.2409
33932;Hobol;kozseg;Szigetvari;Baranya;1827;923;46.0243;17.7774
33941;Epleny;kozseg;Veszpremi;Veszprem;828;504;47.2078;17.9164
33950;Bony;kozseg;Gyori;Gyor-Moson-Sopron;5042;2156;47.6505;17.8679
33969;Retalap;kozseg;Gyori;Gyor-Moson-Sopron;1320;598;47.6054;17.9092
33978;Csornyefold;kozseg;Letenyei;Zala;2121;379;46.4988;16.6334
33987;Muraszemenye;kozseg;Letenyei;Zala;1615;535;46.4762;16.6246
33996;Farad;kozseg;Csornai;Gyor-Moson-Sopron;2879;1912;47.6063;17.2019
34005;Berekfurdo;kozseg;Karcagi;Jasz-Nagykun-Szolnok;1857;997;47.3864;20.8379
34014;Folyas;kozseg;Hajdunanasi;Hajdu-Bihar;5393;259;47.8074;21.1345
34023;Tokodaltaro;kozseg;Esztergomi;Komarom-Esztergom;527;2830;47.7322;18.6927
34032;Szaporca;kozseg;Siklosi;Baranya;965;219;45.8141;18.1043
34041;Palmajor;kozseg;Kaposvari;Somogy;624;312;46.3851;17.5674
34050;Hunyadfalva;kozseg;Szolnoki;Jasz-Nagykun-Szolnok;535;170;47.3111;20.3734
34069;Ormosbanya;kozseg;Kazincbarcikai;Borsod-Abauj-Zemplen;754;1524;48.3362;20.6483
34078;Csabaszabadi;kozseg;Bekescsabai;Bekes;3271;246;46.5746;20.9532
34087;Tormasliget;kozseg;Koszegi;Vas;753;290;47.4281;16.7762
34096;Moricgat;kozseg;Kiskunmajsai;Bacs-Kiskun;3289;368;46.6332;19.6698
34102;Bocskaikert;kozseg;Hajduhadhazi;Hajdu-Bihar;1089;3510;47.6455;21.6609
34111;Csincse;kozseg;Mezokovesdi;Borsod-Abauj-Zemplen;1134;536;47.8883;20.7678
34120;Rudolftelep;kozseg;Kazincbarcikai;Borsod-Abauj-Zemplen;439;661;48.3086;20.6714
34148;Pilisjaszfalu;kozseg;Pilisvorosvari;Pest;697;1665;47.6542;18.7936
34157;Kistarcsa;varos;Godolloi;Pest;1102;13041;47.5447;19.2636
34166;Kerepes;varos;Godolloi;Pest;2408;10173;47.5616;19.2869
34175;Csataszog;kozseg;Szolnoki;Jasz-Nagykun-Szolnok;1121;306;47.2826;20.3834
34184;Alsobogat;kozseg;Kaposvari;Somogy;1201;215;46.5106;17.7491
34193;Kaszo;kozseg;Nagyatadi;Somogy;2248;97;46.32;17.224
34209;Kulcs;kozseg;Dunaujvarosi;Fejer;1673;3085;47.0529;18.9163
34218;Uzsa;kozseg;Tapolcai;Veszprem;1150;309;46.8954;17.3382
34227;Annavolgy;kozseg;Esztergomi;Komarom-Esztergom;483;919;47.6961;18.6659
34236;Szantod;kozseg;Siofoki;Somogy;791;602;46.8694;17.9045
34245;Algyo;nagykozseg;Szegedi;Csongrad;7577;5274;46.3354;20.2084
34254;Petfurdo;nagykozseg;Varpalotai;Veszprem;1732;4556;47.16;18.1209
34263;Zichyujfalu;kozseg;Gardonyi;Fejer;1082;906;47.1259;18.6713
34272;Farkaslyuk;kozseg;Ozdi;Borsod-Abauj-Zemplen;548;1757;48.1857;20.31
34281;Nagykeresztur;kozseg;Salgotarjani;Nograd;820;251;48.0389;19.723
34290;Berente;kozseg;Kazincbarcikai;Borsod-Abauj-Zemplen;922;1159;48.2319;20.6645
34306;Obarok;kozseg;Bicskei;Fejer;1926;799;47.4901;18.5696
34315;Remeteszolos;kozseg;Budakeszi;Pest;289;952;47.5599;18.9217
34324;Palosvorosmart;kozseg;Gyongyosi;Heves;584;587;47.8161;19.995
34333;Csorog;kozseg;Vaci;Pest;505;2113;47.7344;19.1904
34342;Daruszentmiklos;kozseg;Dunaujvarosi;Fejer;1912;1288;46.8584;18.8463
34351;Karolyhaza;kozseg;Mosonmagyarovari;Gyor-Moson-Sopron;1125;583;47.8036;17.3448
34360;Rakoczibanya;kozseg;Salgotarjani;Nograd;457;700;48.0288;19.8709
34379;Kerekharaszt;kozseg;Hatvani;Heves;1436;1053;47.6629;19.6257
34388;Szorgalmatos;kozseg;Tiszavasvari;Szabolcs-Szatmar-Bereg;844;1023;47.9886;21.3686
34397;Monorierdo;kozseg;Monori;Pest;1507;4405;47.3083;19.4993
34403;Zakanyfalu;kozseg;Csurgoi;Somogy;709;517;46.2758;16.9481
34412;Mosonudvar;kozseg;Mosonmagyarovari;Gyor-Moson-Sopron;157;419;47.8421;17.2273
34421;Balatonakarattya;kozseg;Balatonalmadi;Veszprem;2139;862;47.024;18.1439
